position,track_name,title_author,danceability,energy,speechiness,valence,mode,acousticness,tempo,duration_ms,loudness
1,Cash Out,Bleak Purdy,0.906,0.43,0.16,0.501,1,0.14,99.958,122192
2,Party Girl,StaySolidRocky,0.728,0.431,0.0622,0.629,0,0.749,130.022,147800
3,Судно (Борис Рижий),Molchat Doma,0.484,0.749,0.0687,0.468,1,0.699,160.006,141395
4,Times We Had,Barlito,0.849,0.7,0.259,0.704,0,0.46,142.996,229799
5,GOOBA,6ix9ine,0.611,0.688,0.341,0.393,1,0.0264,178.462,132303
6,Lovefool,twocolors,0.677,0.766,0.0568,0.198,1,0.0219,123.062,190488
7,Ryypätään,Raff,0.723,0.741,0.156,0.506,0,0.161,91.948,215553
8,Falcon,Bleak Purdy,0.738,0.597,0.281,0.705,1,0.295,159.775,133663
9,August,Intelligency,0.835,0.559,0.0323,0.509,0,0.314,125.023,179520
10,Coffin Dance,Music Falcon,0.728,0.479,0.0343,0.117,1,0.00986,124.075,135847
11,Address It,LPB Poody,0.903,0.611,0.268,0.329,0,0.109,94.525,146688
12,Laxed – Siren Beat,Jawsh 685,0.736,0.62,0.11,0.959,0,0.0577,150.026,201990
13,一翦梅,Fei Yu-ching,0.29,0.482,0.035,0.247,0,0.145,141.459,234867
14,ROCKSTAR (feat. Roddy Ricch),DaBaby,0.746,0.69,0.164,0.497,1,0.247,89.977,181733
15,Fishy on Me,Dr. Sus,0.908,0.342,0.196,0.505,1,0.651,99.959,132885
16,50//50,Vantage,0.837,0.698,0.0511,0.397,1,0.0608,124.136,246167
17,Penelope (feat. Clever),william,0.794,0.668,0.0366,0.789,1,0.0434,129.948,183702
18,Play Date,Melanie Martinez,0.68,0.729,0.0475,0.446,1,0.612,123.97,179867
19,Niggers vs. The Police - Remastered Version,Richard Pryor,0.545,0.667,0.957,0.42,1,0.83,77.909,101627
20,Summer Nights,LILBRO,0.81,0.479,0.0749,0.295,1,0.176,102.993,211268
21,Superstar,David Puentez,0.727,0.725,0.203,0.468,1,0.0624,119.965,165000
22,Aina är en gris,BENIM,0.783,0.752,0.287,0.595,1,0.0941,80.005,146567
23,Banana (feat. Shaggy),Conkarah,0.856,0.834,0.245,0.824,1,0.0582,95.056,184421
24,Vanki,Ikirouta,0.452,0.939,0.048,0.52,1,0.00337,75.03,223072
25,Haituvat,Jukka Poika,0.698,0.433,0.181,0.806,1,0.76,165.943,188221
26,Зын Зын,Zhonti,0.946,0.714,0.334,0.39,0,0.157,119.858,177245
27,Stereotypes,Black Violin,0.338,0.58,0.0573,0.262,0,0.506,157.801,209667
28,Deep End Freestyle,Sleepy Hallow,0.876,0.479,0.44,0.776,0,0.703,133.858,115200
29,Black Is Beautiful,Chronixx,0.744,0.667,0.0555,0.317,0,0.246,97.258,219640
30,Yoga,645AR,0.864,0.613,0.781,0.169,1,0.038,150.067,91200
31,Herkku,Seksikäs-Suklaa,0.901,0.679,0.262,0.83,0,0.0983,93.056,171712
32,yankee and the brave (ep. 4),Run The Jewels,0.595,0.878,0.423,0.746,0,0.172,82.007,146573
33,This Is America,Childish Gambino,0.854,0.463,0.137,0.549,1,0.117,120.024,225773
34,Think About Things,Daði Freyr,0.871,0.341,0.0576,0.612,0,0.0311,127.001,173386
35,Coño (feat. Jhorrmountain x Adje),Puri,0.858,0.696,0.198,0.363,1,0.0209,100.123,207656
36,ily (i love you baby) (feat. Emilee),Surf Mesa,0.674,0.774,0.0892,0.33,0,0.0686,112.05,176547
37,Wake Up Everybody,Harold Melvin & The Blue Notes,0.565,0.645,0.0688,0.631,1,0.428,97.717,452773
38,Tässäkö tää oli? (feat. Leavings-Orkesteri),Arttu Wiskari,0.773,0.644,0.0335,0.801,0,0.151,126.029,222070
39,Jotain Aitoo,Redi Niska,0.653,0.549,0.186,0.158,0,0.128,171.826,200930
40,Misleading Intentions,Vince Vigo,0.719,0.754,0.0418,0.612,0,0.0132,109.983,172818
41,Somebody's Watching Me,Chico Rose,0.712,0.857,0.052,0.207,0,0.0855,124.963,176640
42,Don't Die,Killer Mike,0.352,0.807,0.173,0.0423,1,0.0193,90.772,248133
43,Masennuksesta Itsemurhaan,Nyrkki-Kyllikki,0.436,0.723,0.623,0.292,1,0.113,74.21,216000
44,Astronomia,Vicetone,0.653,0.945,0.096,0.326,1,0.00561,126.093,198095
45,Kosketus,Mauton,0.846,0.534,0.142,0.52,0,0.309,100.015,175628
46,Might Not Be OK (feat. Big K.R.I.T.),Kenneth Whalum,0.487,0.461,0.0394,0.138,0,0.906,79.32,200851
47,Lambada,Hr. Troels,0.689,0.795,0.0627,0.513,0,0.15,126.082,186667
48,Kaswu,E W E,0.512,0.607,0.174,0.394,1,0.465,171.964,259051
49,Suvivirsi (Jo joutui armas aika),Lauluryhmä Nekut,0.443,0.243,0.0266,0.278,1,0.403,92.012,140253
50,Kapernick Effect,JAG,0.652,0.781,0.333,0.628,0,0.635,87.83,118828
1,Судно (Борис Рижий),Molchat Doma,0.484,0.749,0.0687,0.468,1,0.699,160.006,141395
2,Times We Had,Barlito,0.849,0.7,0.259,0.704,0,0.46,142.996,229799
3,Party Girl,StaySolidRocky,0.728,0.431,0.0622,0.629,0,0.749,130.022,147800
4,Falcon,Bleak Purdy,0.738,0.597,0.281,0.705,1,0.295,159.775,133663
5,Coffin Dance,Music Falcon,0.728,0.479,0.0343,0.117,1,0.00986,124.075,135847
6,Cash Out,Bleak Purdy,0.906,0.43,0.16,0.501,1,0.14,99.958,122192
7,Play Date,Melanie Martinez,0.68,0.729,0.0475,0.446,1,0.612,123.97,179867
8,Ryypätään,Raff,0.723,0.741,0.156,0.506,0,0.161,91.948,215553
9,WIE LANG?????????,Dardan,0.564,0.841,0.0829,0.29,0,0.245,150.023,183000
10,Yoga,645AR,0.864,0.613,0.781,0.169,1,0.038,150.067,91200
11,Laxed – Siren Beat,Jawsh 685,0.736,0.62,0.11,0.959,0,0.0577,150.026,201990
12,Penelope (feat. Clever),william,0.794,0.668,0.0366,0.789,1,0.0434,129.948,183702
13,August,Intelligency,0.835,0.559,0.0323,0.509,0,0.314,125.023,179520
14,Deep End Freestyle,Sleepy Hallow,0.876,0.479,0.44,0.776,0,0.703,133.858,115200
15,Superstar,David Puentez,0.727,0.725,0.203,0.468,1,0.0624,119.965,165000
16,IDGAF,Aataminoppa,0.807,0.461,0.323,0.293,1,0.0814,76.979,292208
17,Vanki,Ikirouta,0.452,0.939,0.048,0.52,1,0.00337,75.03,223072
18,Banana (feat. Shaggy),Conkarah,0.856,0.834,0.245,0.824,1,0.0582,95.056,184421
19,IDK You Yet,Alexander 23,0.629,0.306,0.0424,0.191,1,0.884,76.994,184638
20,ily (i love you baby) (feat. Emilee),Surf Mesa,0.674,0.774,0.0892,0.33,0,0.0686,112.05,176547
21,Tässäkö tää oli? (feat. Leavings-Orkesteri),Arttu Wiskari,0.773,0.644,0.0335,0.801,0,0.151,126.029,222070
22,Fishy on Me,Dr. Sus,0.908,0.342,0.196,0.505,1,0.651,99.959,132885
23,ROCKSTAR (feat. Roddy Ricch),DaBaby,0.746,0.69,0.164,0.497,1,0.247,89.977,181733
24,Du är vad du är (2020),Musikalen Hype,0.577,0.854,0.0655,0.679,0,0.0312,146.907,241553
25,50//50,Vantage,0.837,0.698,0.0511,0.397,1,0.0608,124.136,246167
26,Astronomia,Vicetone,0.653,0.945,0.096,0.326,1,0.00561,126.093,198095
27,Rakastan elämää,Petrus Schroderus,0.25,0.167,0.0422,0.234,0,0.911,160.618,209054
28,Rockstar,ARMAN,0.856,0.735,0.122,0.49,1,0.081,116.052,176897
29,THE SCOTTS,THE SCOTTS,0.716,0.537,0.0514,0.28,0,0.233,129.979,165978
30,Think About Things,Daði Freyr,0.871,0.341,0.0576,0.612,0,0.0311,127.001,173386
31,Somebody's Watching Me,Chico Rose,0.712,0.857,0.052,0.207,0,0.0855,124.963,176640
32,Mielenvika,Eteläranta,0.485,0.495,0.0262,0.43,1,0.358,82.337,286002
33,100%,Keko Salata,0.735,0.676,0.0826,0.331,1,0.702,102.115,203749
34,I Like Him,Princess Nokia,0.893,0.579,0.113,0.611,1,0.0641,133.018,132453
35,Coño (feat. Jhorrmountain x Adje),Puri,0.858,0.696,0.198,0.363,1,0.0209,100.123,207656
36,Sykepleierinnen (Sykehuset 2020),El Papi,0.672,0.534,0.0354,0.498,1,0.561,90.019,182000
37,LMK,Lil Xxel,0.748,0.457,0.0465,0.464,1,0.0292,123.035,188293
38,Kesäxi rapakuntoon,Bat & Ryyd,0.726,0.909,0.0773,0.459,1,0.0434,124.006,197419
39,Address It,LPB Poody,0.903,0.611,0.268,0.329,0,0.109,94.525,146688
40,Summer Nights,LILBRO,0.81,0.479,0.0749,0.295,1,0.176,102.993,211268
41,Rover (feat. DTG),S1mba,0.613,0.624,0.206,0.804,0,0.496,62.948,167917
42,I'm Just Feelin' (Du Du Du),Imanbek,0.736,0.657,0.0668,0.548,1,0.179,115.989,164885
43,Зын Зын,Zhonti,0.946,0.714,0.334,0.39,0,0.157,119.858,177245
44,Somebody,Dagny,0.724,0.765,0.0381,0.441,1,0.00191,117.935,194373
45,Outsider,Veil Of Maya,0.476,0.971,0.0964,0.207,0,5.25e-05,140.02,249468
46,Outlawz,Terror Reid,0.787,0.86,0.182,0.625,0,0.206,89.997,224000
47,Suurempi voima,Mikko Leppilampi,0.597,0.324,0.0303,0.365,1,0.355,127.957,186974
48,EI,Ina,0.705,0.636,0.157,0.507,0,0.00596,150.09,170200
49,Be Kind (with Halsey),Marshmello,0.63,0.633,0.0457,0.452,1,0.00776,93.995,172762
50,One More Night,Milos,0.706,0.678,0.0833,0.348,0,0.0419,104.944,186000
1,Судно (Борис Рижий),Molchat Doma,0.484,0.749,0.0687,0.468,1,0.699,160.006,141395
2,Times We Had,Barlito,0.849,0.7,0.259,0.704,0,0.46,142.996,229799
3,Party Girl,StaySolidRocky,0.728,0.431,0.0622,0.629,0,0.749,130.022,147800
4,August,Intelligency,0.835,0.559,0.0323,0.509,0,0.314,125.023,179520
5,Coffin Dance,Music Falcon,0.728,0.479,0.0343,0.117,1,0.00986,124.075,135847
6,Uskollinen ystävä,Konsta Hietanen,0.585,0.266,0.0661,0.225,0,0.148,113.571,221435
7,THE SCOTTS,THE SCOTTS,0.716,0.537,0.0514,0.28,0,0.233,129.979,165978
8,ROCKSTAR (feat. Roddy Ricch),DaBaby,0.746,0.69,0.164,0.497,1,0.247,89.977,181733
9,Rakastan elämää,Petrus Schroderus,0.25,0.167,0.0422,0.234,0,0.911,160.618,209054
10,ily (i love you baby) (feat. Emilee),Surf Mesa,0.674,0.774,0.0892,0.33,0,0.0686,112.05,176547
11,100%,Keko Salata,0.735,0.676,0.0826,0.331,1,0.702,102.115,203749
12,Cleopatra,Efendi,0.588,0.653,0.0594,0.52,1,0.0455,170.035,180706
13,Ruthless (Nice Guys Always Finish Last),MarMar Oso,0.724,0.269,0.0456,0.866,1,0.388,86.042,233023
14,Hyvännäköinen,Jonna Tervomaa,0.912,0.724,0.038,0.907,0,0.0327,129.105,207182
15,Laxed – Siren Beat,Jawsh 685,0.736,0.62,0.11,0.959,0,0.0577,150.026,201990
16,Kesäxi rapakuntoon,Bat & Ryyd,0.726,0.909,0.0773,0.459,1,0.0434,124.006,197419
17,Banana (feat. Shaggy),Conkarah,0.856,0.834,0.245,0.824,1,0.0582,95.056,184421
18,50//50,Vantage,0.837,0.698,0.0511,0.397,1,0.0608,124.136,246167
19,Rover (feat. DTG),S1mba,0.613,0.624,0.206,0.804,0,0.496,62.948,167917
20,Penelope (feat. Clever),william,0.794,0.668,0.0366,0.789,1,0.0434,129.948,183702
21,Play Date,Melanie Martinez,0.68,0.729,0.0475,0.446,1,0.612,123.97,179867
22,New Dens,Mauton,0.879,0.458,0.192,0.39,1,0.268,123.602,130097
23,Yoga,645AR,0.864,0.613,0.781,0.169,1,0.038,150.067,91200
24,Astronomia,Vicetone,0.653,0.945,0.096,0.326,1,0.00561,126.093,198095
25,Outlawz,Terror Reid,0.787,0.86,0.182,0.625,0,0.206,89.997,224000
26,Address It,LPB Poody,0.903,0.611,0.268,0.329,0,0.109,94.525,146688
27,Päivätöikseni susta tykkään,Lassi Viljanen,0.592,0.676,0.0411,0.836,1,0.253,154.043,183896
28,Tässäkö tää oli? (feat. Leavings-Orkesteri),Arttu Wiskari,0.773,0.644,0.0335,0.801,0,0.151,126.029,222070
29,Mielenvika,Eteläranta,0.485,0.495,0.0262,0.43,1,0.358,82.337,286002
30,Fall from the Sky,Arilena Ara,0.369,0.677,0.0365,0.243,0,0.0187,144.755,188890
31,Jeesus II,Jumal X10 Lavis,0.683,0.752,0.241,0.617,0,0.37,173.946,275862
32,Naisten kaljailta,Eija Sinikka,0.827,0.632,0.0724,0.897,1,0.274,131.175,168085
33,On Fire,THE ROOP,0.72,0.738,0.216,0.474,1,0.279,122.021,170225
34,Posliinii,Ronja Mariela,0.708,0.573,0.0335,0.618,0,0.158,109.981,188698
35,Driving In Style,Thundermother,0.495,0.95,0.0527,0.417,0,9.77e-06,90.021,223667
36,Righteous,Juice WRLD,0.707,0.622,0.031,0.223,1,0.0397,142.942,243357
37,Time (You and I),Khruangbin,0.751,0.491,0.045,0.926,1,0.00945,105.408,342189
38,Répondez-moi,Gjon's Tears,0.332,0.307,0.0345,0.0929,0,0.566,104.134,179980
39,Suffer With Me,líue,0.554,0.95,0.0758,0.226,1,0.00911,161.506,207936
40,Think About Things,Daði Freyr,0.871,0.341,0.0576,0.612,0,0.0311,127.001,173386
41,Autolla mereen,Lapsuus,0.328,0.843,0.0589,0.38,0,0.159,101.318,174760
42,After Party,Don Toliver,0.629,0.692,0.0376,0.453,1,0.00981,162.948,167916
43,Ikävä sua,Sampo Salmela,0.608,0.507,0.0289,0.425,1,0.075,120.078,233895
44,LMK,Lil Xxel,0.748,0.457,0.0465,0.464,1,0.0292,123.035,188293
45,Viikatemies,YSI,0.809,0.589,0.0535,0.444,0,0.251,120.059,212797
46,Anime Thighs,MC Virgins,0.865,0.311,0.434,0.59,1,0.212,93.006,155037
47,Tears Getting Sober,VICTORIA,0.457,0.147,0.0319,0.265,1,0.935,116.186,182229
48,Control,Zoe Wees,0.599,0.465,0.0314,0.0678,1,0.643,113.82,230880
49,Vanki,Ikirouta,0.452,0.939,0.048,0.52,1,0.00337,75.03,223072
50,Aftermath,The Ghost Inside,0.298,0.953,0.192,0.127,0,0.000375,172.023,298826
1,Судно (Борис Рижий),Molchat Doma,0.484,0.749,0.0687,0.468,1,0.699,160.006,141395
2,EI,Ina,0.705,0.636,0.157,0.507,0,0.00596,150.09,170200
3,August,Intelligency,0.835,0.559,0.0323,0.509,0,0.314,125.023,179520
4,Astronomia,Vicetone,0.653,0.945,0.096,0.326,1,0.00561,126.093,198095
5,New Dens,Mauton,0.879,0.458,0.192,0.39,1,0.268,123.602,130097
6,ROCKSTAR (feat. Roddy Ricch),DaBaby,0.746,0.69,0.164,0.497,1,0.247,89.977,181733
7,Yoga,645AR,0.864,0.613,0.781,0.169,1,0.038,150.067,91200
8,Tässäkö tää oli? (feat. Leavings-Orkesteri),Arttu Wiskari,0.773,0.644,0.0335,0.801,0,0.151,126.029,222070
9,50//50,Vantage,0.837,0.698,0.0511,0.397,1,0.0608,124.136,246167
10,Play Date,Melanie Martinez,0.68,0.729,0.0475,0.446,1,0.612,123.97,179867
11,Nuoriso,Jan Nyberg,0.771,0.933,0.0753,0.311,1,0.143,132.017,240931
12,ily (i love you baby) (feat. Emilee),Surf Mesa,0.674,0.774,0.0892,0.33,0,0.0686,112.05,176547
13,Penelope (feat. Clever),william,0.794,0.668,0.0366,0.789,1,0.0434,129.948,183702
14,Banana (feat. Shaggy),Conkarah,0.856,0.834,0.245,0.824,1,0.0582,95.056,184421
15,Astronomia 2K19 - Radio Edit,Stephan F,0.666,0.69,0.219,0.546,0,0.000569,126.17,190486
16,Disingenuous,Flight,0.777,0.752,0.223,0.451,1,0.0897,92.015,208771
17,Hyvännäköinen,Jonna Tervomaa,0.912,0.724,0.038,0.907,0,0.0327,129.105,207182
18,Deep End Freestyle,Sleepy Hallow,0.876,0.479,0.44,0.776,0,0.703,133.858,115200
19,Coffin Dance,Music Falcon,0.728,0.479,0.0343,0.117,1,0.00986,124.075,135847
20,Naisten kaljailta,Eija Sinikka,0.827,0.632,0.0724,0.897,1,0.274,131.175,168085
21,IDK You Yet,Alexander 23,0.629,0.306,0.0424,0.191,1,0.884,76.994,184638
22,Skechers,DripReport,0.903,0.327,0.0877,0.274,1,0.26,100.008,106000
23,Niskalaukaus,Nova,0.763,0.829,0.306,0.596,1,0.571,93.0,91200
24,LMK,Lil Xxel,0.748,0.457,0.0465,0.464,1,0.0292,123.035,188293
25,Rockstar Shit,BLIND.SEE,0.916,0.445,0.571,0.0519,1,0.0179,140.124,128496
26,Mariposa,Peach Tree Rascals,0.676,0.525,0.028,0.421,1,0.617,112.011,210000
27,I Like Him,Princess Nokia,0.893,0.579,0.113,0.611,1,0.0641,133.018,132453
28,Liruma,Liruma,0.506,0.575,0.0451,0.289,0,0.00254,179.878,190500
29,Anime Thighs,MC Virgins,0.865,0.311,0.434,0.59,1,0.212,93.006,155037
30,Ruthless (Nice Guys Always Finish Last),MarMar Oso,0.724,0.269,0.0456,0.866,1,0.388,86.042,233023
31,Jotain Aitoo,Redi Niska,0.653,0.549,0.186,0.158,0,0.128,171.826,200930
32,Dumhdurum,Apink,0.655,0.921,0.0606,0.704,0,0.137,114.913,208053
33,Tutti Frutti,Little Richard,0.555,0.658,0.0541,0.937,1,0.793,184.835,144227
34,eighty,Landspeed,0.867,0.587,0.21,0.456,0,0.0725,110.142,149185
35,Miljoona Valoo,Leo Luthando,0.615,0.865,0.112,0.391,1,0.271,186.066,182565
36,La Isla Bonita,Hr. Troels,0.733,0.86,0.12,0.599,0,0.102,107.865,206389
37,PTSD,G Herbo,0.883,0.808,0.183,0.805,0,0.0317,119.012,232065
38,Control,Zoe Wees,0.599,0.465,0.0314,0.0678,1,0.643,113.82,230880
39,Bonnie x Clyde,Ninski,0.721,0.562,0.0362,0.476,1,0.128,125.054,196800
40,Boss Bitch,Doja Cat,0.707,0.955,0.222,0.575,0,0.127,125.989,134240
41,I'm Yer Dad,GRLwood,0.551,0.953,0.17,0.176,1,0.0106,128.462,144109
42,Neljän Seinän Valtias,Diskotimantti,0.735,0.78,0.0668,0.696,1,0.00678,127.997,193000
43,Sykepleierinnen (Sykehuset 2020),El Papi,0.672,0.534,0.0354,0.498,1,0.561,90.019,182000
44,Oh my god,(G)I-DLE,0.794,0.762,0.0392,0.482,0,0.0358,109.97,195867
45,Танцевать,Molchat Doma,0.541,0.803,0.036,0.814,1,0.521,84.982,202846
46,Breaking Me,Topic,0.789,0.72,0.218,0.664,0,0.223,122.031,166794
47,Supalonely,BENEE,0.863,0.631,0.0534,0.817,1,0.305,128.977,223480
48,In My Bones,Ray Dalton,0.636,0.699,0.0396,0.709,0,0.302,96.962,191053
49,Sexy,JoeVille,0.964,0.462,0.138,0.592,0,0.000454,121.991,193384
50,One More Night,Milos,0.706,0.678,0.0833,0.348,0,0.0419,104.944,186000
1,Судно (Борис Рижий),Molchat Doma,0.484,0.749,0.0687,0.468,1,0.699,160.006,141395
2,Astronomia,Vicetone,0.653,0.945,0.096,0.326,1,0.00561,126.093,198095
3,50//50,Vantage,0.837,0.698,0.0511,0.397,1,0.0608,124.136,246167
4,Neljän Seinän Valtias,Diskotimantti,0.735,0.78,0.0668,0.696,1,0.00678,127.997,193000
5,August,Intelligency,0.835,0.559,0.0323,0.509,0,0.314,125.023,179520
6,Astronomia 2K19 - Radio Edit,Stephan F,0.666,0.69,0.219,0.546,0,0.000569,126.17,190486
7,Yoga,645AR,0.864,0.613,0.781,0.169,1,0.038,150.067,91200
8,Tässäkö tää oli? (feat. Leavings-Orkesteri),Arttu Wiskari,0.773,0.644,0.0335,0.801,0,0.151,126.029,222070
9,LMK,Lil Xxel,0.749,0.457,0.0464,0.448,1,0.0298,123.03,188293
10,Naisten kaljailta,Eija Sinikka,0.827,0.632,0.0724,0.897,1,0.274,131.175,168085
11,Bella Ciao - Música Original de la Serie la Casa de Papel/ Money Heist,Manu Pilas,0.46,0.564,0.0343,0.962,0,0.538,135.178,139845
12,Hyvännäköinen,Jonna Tervomaa,0.912,0.724,0.038,0.907,0,0.0327,129.105,207182
13,Play Date,Melanie Martinez,0.68,0.729,0.0475,0.446,1,0.612,123.97,179867
14,Disingenuous,Flight,0.777,0.752,0.223,0.451,1,0.0897,92.015,208771
15,ily (i love you baby) (feat. Emilee),Surf Mesa,0.674,0.774,0.0892,0.33,0,0.0686,112.05,176547
16,Penelope (feat. Clever),william,0.794,0.668,0.0366,0.789,1,0.0434,129.948,183702
17,Mitä Sydän Sanoo,Kake Karisson,0.601,0.889,0.0445,0.414,0,0.0224,169.86,219160
18,Jotain Aitoo,Redi Niska,0.653,0.549,0.186,0.158,0,0.128,171.826,200930
19,Kenen joukoissa seisot,KOM-teatteri,0.514,0.241,0.053,0.394,0,0.492,130.608,136173
20,Skechers,DripReport,0.903,0.327,0.0877,0.274,1,0.26,100.008,106000
21,Deep End Freestyle,Sleepy Hallow,0.876,0.479,0.44,0.776,0,0.703,133.858,115200
22,Joensuu,joku iiris,0.556,0.3,0.0397,0.47,1,0.815,100.444,127500
23,(i hope you) miss me,Joseph Black,0.734,0.596,0.324,0.317,0,0.118,98.024,159171
24,Nuoriso,Jan Nyberg,0.771,0.933,0.0753,0.311,1,0.143,132.017,240931
25,Uuden edessä,Toivon kärki,0.517,0.756,0.0397,0.684,1,0.0922,77.913,238261
26,Phantom,Allen Mock,0.559,0.787,0.3,0.158,1,0.0722,149.801,167634
27,Genie in a Bottle,AZ2A,0.736,0.852,0.0379,0.781,0,0.039,124.01,181882
28,Anime Thighs,MC Virgins,0.865,0.311,0.434,0.59,1,0.212,93.006,155037
29,One More Night,Milos,0.706,0.678,0.0833,0.348,0,0.0419,104.944,186000
30,Bella ciao - HUGEL Remix,El Profesor,0.838,0.406,0.0878,0.655,0,0.196,126.02,165533
31,Kansainvälinen,KOM-teatteri,0.712,0.277,0.0304,0.721,1,0.751,103.122,153267
32,Kesälaif,Lidl Stingy,0.626,0.727,0.0338,0.497,1,0.113,140.03,169098
33,Ajaton,Gracias,0.849,0.666,0.043,0.419,0,0.321,110.029,189211
34,Riistäjän lait,KOM-teatteri,0.727,0.375,0.041,0.874,0,0.44,96.805,205267
35,Sykepleierinnen (Sykehuset 2020),El Papi,0.672,0.534,0.0354,0.498,1,0.561,90.019,182000
36,I'm Yer Dad,GRLwood,0.551,0.953,0.17,0.176,1,0.0106,128.462,144109
37,IDK You Yet,Alexander 23,0.629,0.306,0.0424,0.191,1,0.884,76.994,184638
38,The Dead Don't Dream,Verneri Pohjola,0.483,0.158,0.0335,0.183,0,0.865,126.848,483293
39,Åka Båt,Krämmeskog Clubbers,0.726,0.983,0.064,0.317,0,0.298,139.984,217078
40,Tuhansien Lärvien Maa,Petri Nygård,0.704,0.736,0.0364,0.57,0,0.0767,87.98,157306
41,Rover (feat. DTG),S1mba,0.613,0.624,0.206,0.804,0,0.496,62.948,167917
42,Mariposa,Peach Tree Rascals,0.676,0.525,0.028,0.421,1,0.617,112.011,210000
43,Rockstar Shit,BLIND.SEE,0.916,0.445,0.571,0.0519,1,0.0179,140.124,128496
44,Fire for You,Cannons,0.737,0.678,0.0953,0.687,0,0.12,102.045,231826
45,After Party,Don Toliver,0.629,0.692,0.0376,0.453,1,0.00981,162.948,167916
46,Vatanen Ja Kankkunen,VIIO,0.713,0.821,0.0531,0.485,1,0.0824,125.024,172729
47,Thank You [Not So Bad],VIZE,0.656,0.89,0.187,0.268,0,0.201,100.037,197963
48,Ei Oo Aikaa,Olli Antonio,0.833,0.363,0.0911,0.397,0,0.024,76.979,184375
49,Boss Bitch,Doja Cat,0.707,0.955,0.222,0.575,0,0.127,125.989,134240
50,Tivolit,BEHM,0.645,0.47,0.0282,0.405,0,0.318,103.048,211477
1,Astronomia,Vicetone,0.653,0.945,0.096,0.326,1,0.00561,126.093,198095
2,Astronomia 2K19 - Radio Edit,Stephan F,0.666,0.69,0.219,0.546,0,0.000569,126.17,190486
3,Neljän Seinän Valtias,Diskotimantti,0.735,0.78,0.0668,0.696,1,0.00678,127.997,193000
4,Joensuu,joku iiris,0.556,0.3,0.0397,0.47,1,0.815,100.444,127500
5,ily (i love you baby) (feat. Emilee),Surf Mesa,0.674,0.774,0.0892,0.33,0,0.0686,112.05,176547
6,August,Intelligency,0.835,0.559,0.0323,0.509,0,0.314,125.023,179520
7,Bella Ciao - Música Original de la Serie la Casa de Papel/ Money Heist,Manu Pilas,0.46,0.564,0.0343,0.962,0,0.538,135.178,139845
8,Skechers,DripReport,0.903,0.327,0.0877,0.274,1,0.26,100.008,106000
9,Penelope (feat. Clever),william,0.794,0.668,0.0366,0.789,1,0.0434,129.948,183702
10,Phantom,Allen Mock,0.559,0.787,0.3,0.158,1,0.0722,149.801,167634
11,New Dens,Mauton,0.879,0.458,0.192,0.39,1,0.268,123.602,130097
12,Kansainvälinen,KOM-teatteri,0.712,0.277,0.0304,0.721,1,0.751,103.122,153267
13,Anime Thighs,MC Virgins,0.865,0.311,0.434,0.59,1,0.212,93.006,155037
14,Astronomia,Tony Igy,0.818,0.759,0.267,0.641,1,0.21,126.081,201487
15,Seppo Räty Berghainissa,Business City,0.703,0.799,0.0837,0.305,1,0.00017,136.958,284596
16,Čuđeh,Amoc,0.768,0.718,0.214,0.117,1,0.329,100.001,240000
17,Yoga,645AR,0.864,0.613,0.781,0.169,1,0.038,150.067,91200
18,LMK,Lil Xxel,0.749,0.457,0.0464,0.448,1,0.0298,123.03,188293
19,Судно (Борис Рижий),Molchat Doma,0.484,0.749,0.0687,0.468,1,0.699,160.006,141395
20,Vittumainen mies,Sepi Kumpulainen,0.707,0.57,0.0594,0.752,1,0.454,88.791,241184
21,Tuhansien Lärvien Maa,Petri Nygård,0.704,0.736,0.0364,0.57,0,0.0767,87.98,157306
22,Toosie Slide,Drake,0.834,0.454,0.201,0.837,0,0.321,81.618,247059
23,Play Date,Melanie Martinez,0.68,0.729,0.0475,0.446,1,0.612,123.97,179867
24,Pew Pew Pew,Auntie Hammy,0.953,0.57,0.228,0.369,1,0.116,130.018,164308
25,Naisten kaljailta,Eija Sinikka,0.827,0.632,0.0724,0.897,1,0.274,131.175,168085
26,They Call Me Tiago (Her Name Is Margo),Tiagz,0.878,0.578,0.0722,0.148,1,0.196,100.996,154455
27,Savage,Megan Thee Stallion,0.843,0.741,0.334,0.68,1,0.0252,168.983,155497
28,Genie in a Bottle,AZ2A,0.736,0.852,0.0379,0.781,0,0.039,124.01,181882
29,Bella ciao - HUGEL Remix,El Profesor,0.838,0.406,0.0878,0.655,0,0.196,126.02,165533
30,Deep End Freestyle,Sleepy Hallow,0.876,0.479,0.44,0.776,0,0.703,133.858,115200
31,Huomioo,Etta,0.669,0.628,0.0579,0.346,0,0.0311,104.983,198448
32,Still Softish,Josh Richards,0.925,0.222,0.421,0.633,0,0.576,124.882,161935
33,Aika Korjaa,Pohjoinen Uni,0.377,0.928,0.167,0.434,1,0.0507,175.83,189855
34,Boss Bitch,Doja Cat,0.707,0.955,0.222,0.575,0,0.127,125.989,134240
35,Kenen joukoissa seisot,Kaisa Korhonen,0.578,0.32,0.0583,0.439,0,0.511,130.534,137693
36,Kenen joukoissa seisot,KOM-teatteri,0.514,0.241,0.053,0.394,0,0.492,130.608,136173
37,Rover (feat. DTG),S1mba,0.613,0.624,0.206,0.804,0,0.496,62.948,167917
38,XS,Rina Sawayama,0.636,0.929,0.151,0.591,0,0.0854,117.012,201060
39,The Dead Don't Dream,Verneri Pohjola,0.483,0.158,0.0335,0.183,0,0.865,126.848,483293
40,I'm Yer Dad,GRLwood,0.551,0.953,0.17,0.176,1,0.0106,128.462,144109
41,Roses - Imanbek Remix,SAINt JHN,0.77,0.724,0.0495,0.898,1,0.0167,121.975,176840
42,Iskelmäprinssi laulaa,Komiat,0.54,0.739,0.0302,0.754,0,0.152,170.068,217053
43,Supalonely,BENEE,0.863,0.631,0.0534,0.817,1,0.305,128.977,223480
44,In My Bones,Ray Dalton,0.636,0.699,0.0396,0.709,0,0.302,96.962,191053
45,La Isla Bonita,Hr. Troels,0.733,0.86,0.12,0.599,0,0.102,107.865,206389
46,I Like Him,Princess Nokia,0.893,0.579,0.113,0.611,1,0.0641,133.018,132453
47,Break Shit,Jasiah,0.863,0.587,0.295,0.749,1,0.209,93.29,95484
48,Looking To Love,Nick Talos,0.728,0.796,0.0387,0.416,0,0.00468,123.971,200912
49,One More Night,Milos,0.706,0.678,0.0833,0.348,0,0.0419,104.944,186000
50,Dance Monkey (8D Audio),8D Tunes,0.481,0.616,0.0482,0.252,0,0.0104,98.041,180485
1,Skechers,DripReport,0.903,0.327,0.0877,0.274,1,0.26,100.008,106000
2,Joensuu,joku iiris,0.556,0.3,0.0397,0.47,1,0.815,100.444,127500
3,Astronomia 2K19 - Radio Edit,Stephan F,0.666,0.69,0.219,0.546,0,0.000569,126.17,190486
4,Neljän Seinän Valtias,Diskotimantti,0.735,0.78,0.0668,0.696,1,0.00678,127.997,193000
5,ily (i love you baby) (feat. Emilee),Surf Mesa,0.674,0.774,0.0892,0.33,0,0.0686,112.05,176547
6,Astronomia,Vicetone,0.653,0.945,0.096,0.326,1,0.00561,126.093,198095
7,Penelope (feat. Clever),william,0.794,0.668,0.0366,0.789,1,0.0434,129.948,183702
8,New Dens,Mauton,0.879,0.458,0.192,0.39,1,0.268,123.602,130097
9,Seppo Räty Berghainissa,Business City,0.703,0.799,0.0837,0.305,1,0.00017,136.958,284596
10,Uusi teknokratia,Oranssi Pazuzu,0.168,0.676,0.0502,0.04,1,0.00834,174.43,620133
11,Bella Ciao - Música Original de la Serie la Casa de Papel/ Money Heist,Manu Pilas,0.46,0.564,0.0343,0.962,0,0.538,135.178,139845
12,Tämäkin vielä,Kamara,0.485,0.949,0.0583,0.262,1,2.85e-05,95.003,250080
13,They Call Me Tiago (Her Name Is Margo),Tiagz,0.878,0.578,0.0722,0.148,1,0.196,100.996,154455
14,La Isla Bonita,Hr. Troels,0.733,0.86,0.12,0.599,0,0.102,107.865,206389
15,Anime Thighs,MC Virgins,0.865,0.311,0.434,0.59,1,0.212,93.006,155037
16,PTSD,G Herbo,0.883,0.808,0.183,0.805,0,0.0317,119.012,232065
17,Savage,Megan Thee Stallion,0.843,0.741,0.334,0.68,1,0.0252,168.983,155497
18,I'm Yer Dad,GRLwood,0.551,0.953,0.17,0.176,1,0.0106,128.462,144109
19,Boss Bitch,Doja Cat,0.707,0.955,0.222,0.575,0,0.127,125.989,134240
20,In My Bones,Ray Dalton,0.636,0.699,0.0396,0.709,0,0.302,96.962,191053
21,Vi borde ha stannat på Brändö,Vasas flora och fauna,0.549,0.596,0.0301,0.485,1,0.227,125.958,285360
22,Break Shit,Jasiah,0.863,0.587,0.295,0.749,1,0.209,93.29,95484
23,Supalonely,BENEE,0.863,0.631,0.0534,0.817,1,0.305,128.977,223480
24,Blueberry Faygo,Lil Mosey,0.774,0.554,0.0383,0.349,1,0.207,99.034,162547
25,Dance Monkey (8D Audio),8D Tunes,0.481,0.616,0.0482,0.252,0,0.0104,98.041,180485
26,Yks Miljoonast,JAVE,0.818,0.632,0.0604,0.347,0,0.111,99.991,165600
27,death bed (coffee for your head) (feat. beabadoobee),Powfu,0.726,0.431,0.135,0.348,0,0.731,144.026,173333
28,Addison Rae,The Kid LAROI,0.901,0.49,0.129,0.397,0,0.0155,135.015,163574
29,Bando,ANNA,0.97,0.739,0.295,0.414,0,0.155,120.061,168000
30,Blinding Lights,The Weeknd,0.514,0.73,0.0598,0.334,1,0.00146,171.005,200040
31,Sweet Night,V,0.462,0.339,0.025,0.149,1,0.495,92.106,214259
32,Nysänkt bil,Femedia,0.891,0.586,0.0594,0.673,0,0.165,109.979,149734
33,Parempi yksin - Recorded At Spotify Studios- Stockholm,Pyhimys,0.715,0.764,0.0558,0.26,0,0.217,125.09,182827
34,My Life Is Going On - From "La casa de papel",Cecilia Krull,0.529,0.627,0.0315,0.341,0,0.131,99.962,214200
35,Breaking Me,Topic,0.789,0.72,0.218,0.664,0,0.223,122.031,166794
36,Coronavirus,iMarkkeyz,0.716,0.831,0.204,0.821,0,0.000898,83.988,154854
37,LMK,Lil Xxel,0.749,0.457,0.0464,0.448,1,0.0298,123.03,188293
38,Genie in a Bottle,AZ2A,0.736,0.852,0.0379,0.781,0,0.039,124.01,181882
39,Mash It Up,Ben Tripp,0.836,0.533,0.0596,0.609,1,0.0749,124.92,165120
40,Thank You [Not So Bad],VIZE,0.656,0.89,0.187,0.268,0,0.201,100.037,197963
41,Snake,Lil Keed,0.943,0.443,0.138,0.621,0,0.188,109.908,183307
42,Break My Heart,Dua Lipa,0.73,0.729,0.0886,0.467,0,0.167,113.012,221820
43,WHATS POPPIN,Jack Harlow,0.923,0.604,0.245,0.826,0,0.017,145.062,139741
44,Kyntövuohi,Turmion Kätilöt,0.483,0.959,0.0639,0.402,1,0.000101,93.502,216893
45,XS,Rina Sawayama,0.636,0.929,0.151,0.591,0,0.0854,117.012,201060
46,Drop 'Em Out,Wheeler Walker Jr.,0.691,0.588,0.101,0.972,1,0.178,95.649,94293
47,Čuđeh,Amoc,0.768,0.718,0.214,0.117,1,0.329,100.001,240000
48,Lights Out,Evilmane,0.776,0.67,0.21,0.52,0,0.159,173.975,147577
49,Tivolit,BEHM,0.645,0.47,0.0282,0.405,0,0.318,103.048,211477
50,Satusaaret,Heikki Hakkarainen,0.336,0.664,0.0346,0.488,0,0.000429,104.639,216109
1,Skechers,DripReport,0.903,0.327,0.0877,0.274,1,0.26,100.008,106000
2,Joensuu,joku iiris,0.556,0.3,0.0397,0.47,1,0.815,100.444,127500
3,ily (i love you baby) (feat. Emilee),Surf Mesa,0.674,0.774,0.0892,0.33,0,0.0686,112.05,176547
4,Astronomia,Vicetone,0.653,0.945,0.096,0.326,1,0.00561,126.093,198095
5,Astronomia 2K19 - Radio Edit,Stephan F,0.666,0.69,0.219,0.546,0,0.000569,126.17,190486
6,Coronavirus,iMarkkeyz,0.716,0.831,0.204,0.821,0,0.000898,83.988,154854
7,Penelope (feat. Clever),william,0.794,0.668,0.0366,0.789,1,0.0434,129.948,183702
8,Seppo Räty Berghainissa,Business City,0.703,0.799,0.0837,0.305,1,0.00017,136.958,284596
9,Dave Don't Snore,The Duck of Mischief,0.256,0.372,0.0623,0.0438,1,0.0511,110.031,143428
10,PTSD,G Herbo,0.883,0.808,0.183,0.805,0,0.0317,119.012,232065
11,Dance Monkey (8D Audio),8D Tunes,0.481,0.616,0.0482,0.252,0,0.0104,98.041,180485
12,Sweet Night,V,0.462,0.339,0.025,0.149,1,0.495,92.106,214259
13,Astronomia,Tony Igy,0.818,0.759,0.267,0.641,1,0.21,126.081,201487
14,LMK,Lil Xxel,0.749,0.457,0.0464,0.448,1,0.0298,123.03,188293
15,I'm Yer Dad,GRLwood,0.551,0.953,0.17,0.176,1,0.0106,128.462,144109
16,Boss Bitch,Doja Cat,0.707,0.955,0.222,0.575,0,0.127,125.989,134240
17,death bed (coffee for your head) (feat. beabadoobee),Powfu,0.726,0.431,0.135,0.348,0,0.731,144.026,173333
18,Phantom,Allen Mock,0.559,0.787,0.3,0.158,1,0.0722,149.801,167634
19,Maailmanparantajat,Medium Arvet,0.58,0.782,0.0238,0.596,1,0.00381,95.039,245500
20,Nysänkt bil,Femedia,0.891,0.586,0.0594,0.673,0,0.165,109.979,149734
21,They Call Me Tiago (Her Name Is Margo),Tiagz,0.878,0.578,0.0722,0.148,1,0.196,100.996,154455
22,La Isla Bonita,Hr. Troels,0.733,0.86,0.12,0.599,0,0.102,107.865,206389
23,Blinding Lights,The Weeknd,0.514,0.73,0.0598,0.334,1,0.00146,171.005,200040
24,Bella Ciao - Música Original de la Serie la Casa de Papel/ Money Heist,Manu Pilas,0.46,0.564,0.0343,0.962,0,0.538,135.178,139845
25,Pummilla Tokioon,Avionin Prinssi,0.685,0.834,0.271,0.59,0,0.723,97.942,167367
26,Supalonely,BENEE,0.863,0.631,0.0534,0.817,1,0.305,128.977,223480
27,Tänä Iltana,Huuma,0.629,0.654,0.0297,0.765,1,0.017,126.983,230240
28,Thank You [Not So Bad],VIZE,0.656,0.89,0.187,0.268,0,0.201,100.037,197963
29,Toss A Coin To Your Witcher (8D Audio),8D Tunes,0.423,0.62,0.0297,0.404,1,0.235,99.9,172844
30,Lights Out,Evilmane,0.776,0.67,0.21,0.52,0,0.159,173.975,147577
31,Blueberry Faygo,Lil Mosey,0.774,0.554,0.0383,0.349,1,0.207,99.034,162547
32,Tivolit,BEHM,0.645,0.47,0.0282,0.405,0,0.318,103.048,211477
33,In Your Eyes,The Weeknd,0.667,0.719,0.0346,0.717,0,0.00285,100.021,237520
34,Savage,Megan Thee Stallion,0.843,0.741,0.334,0.68,1,0.0252,168.983,155497
35,Breaking Me,Topic,0.789,0.72,0.218,0.664,0,0.223,122.031,166794
36,Rullaan mestoille,Ironface,0.773,0.642,0.137,0.86,1,0.0118,89.983,136000
37,Bach- J.S.: Matthäuspassion- BWV 244- Part 1: No. 20 "Ich will bei meinem Jesu wachen" (Tenor- Chorus 2),Johann Sebastian Bach,0.295,0.0608,0.0441,0.115,0,0.988,54.113,329627
38,Bando,ANNA,0.97,0.739,0.295,0.414,0,0.155,120.061,168000
39,I'm On Fire,ConKi,0.651,0.497,0.0288,0.295,0,0.711,108.519,221480
40,Walk Em Down (feat. Roddy Ricch),NLE Choppa,0.867,0.744,0.228,0.645,0,0.268,84.005,173288
41,Anime Thighs,MC Virgins,0.865,0.311,0.434,0.59,1,0.212,93.006,155037
42,Funky Town,Baby Land,0.859,0.831,0.041,0.393,1,0.00017,121.088,249626
43,Roses - Imanbek Remix,SAINt JHN,0.77,0.724,0.0495,0.898,1,0.0167,121.975,176840
44,Falling,Fets,0.82,0.739,0.039,0.621,0,0.069,124.988,167041
45,(i hope you) miss me,Joseph Black,0.734,0.596,0.324,0.317,0,0.118,98.024,159171
46,Kuplassa,Jii,0.764,0.541,0.0671,0.716,1,0.334,135.964,188015
47,Perhe,Mtv3,0.723,0.531,0.0305,0.409,1,0.0872,130.0,213159
48,E (Ventex),Albatraoz,0.922,0.661,0.29,0.764,1,0.0484,138.036,124830
49,Surrender,Natalie Taylor,0.39,0.448,0.0276,0.077,0,0.8,144.89,183103
50,My Life Is Going On - From "La casa de papel",Cecilia Krull,0.529,0.627,0.0315,0.341,0,0.131,99.962,214200
1,Skechers,DripReport,0.903,0.327,0.0877,0.274,1,0.26,100.008,106000
2,Kaljaa ainiaan,Kaytanhousuja,0.56,0.794,0.0266,0.563,0,0.066,133.154,190877
3,Seppo Räty Berghainissa,Business City,0.703,0.799,0.0837,0.305,1,0.00017,136.958,284596
4,Coronavirus,iMarkkeyz,0.716,0.831,0.204,0.821,0,0.000898,83.988,154854
5,Dance Monkey (8D Audio),8D Tunes,0.481,0.616,0.0482,0.252,0,0.0104,98.041,180485
6,ily (i love you baby) (feat. Emilee),Surf Mesa,0.674,0.774,0.0892,0.33,0,0.0686,112.05,176547
7,Think About Things,Daði Freyr,0.871,0.341,0.0576,0.612,0,0.0311,127.001,173386
8,Astronomia,Vicetone,0.653,0.945,0.096,0.326,1,0.00561,126.093,198095
9,Maailmanparantajat,Medium Arvet,0.58,0.782,0.0238,0.596,1,0.00381,95.039,245500
10,Supalonely,BENEE,0.863,0.631,0.0534,0.817,1,0.305,128.977,223480
11,Penelope (feat. Clever),william,0.794,0.668,0.0366,0.789,1,0.0434,129.948,183702
12,Boss Bitch,Doja Cat,0.707,0.955,0.222,0.575,0,0.127,125.989,134240
13,Bando,ANNA,0.97,0.739,0.295,0.414,0,0.155,120.061,168000
14,Corona Virus,LIL NIX,0.57,0.408,0.52,0.838,0,0.25,149.127,133060
15,Toss A Coin To Your Witcher (8D Audio),8D Tunes,0.423,0.62,0.0297,0.404,1,0.235,99.9,172844
16,Perhe,Mtv3,0.723,0.531,0.0305,0.409,1,0.0872,130.0,213159
17,They Call Me Tiago (Her Name Is Margo),Tiagz,0.878,0.578,0.0722,0.148,1,0.196,100.996,154455
18,PTSD,G Herbo,0.883,0.808,0.183,0.805,0,0.0317,119.012,232065
19,Tivolit,BEHM,0.645,0.47,0.0282,0.405,0,0.318,103.048,211477
20,Blueberry Faygo,Lil Mosey,0.774,0.554,0.0383,0.349,1,0.207,99.034,162547
21,Phantom,Allen Mock,0.559,0.787,0.3,0.158,1,0.0722,149.801,167634
22,Astronomia,Tony Igy,0.818,0.759,0.267,0.641,1,0.21,126.081,201487
23,death bed (coffee for your head) (feat. beabadoobee),Powfu,0.726,0.431,0.135,0.348,0,0.731,144.026,173333
24,Blinding Lights,The Weeknd,0.514,0.73,0.0598,0.334,1,0.00146,171.005,200040
25,WANNABE,ITZY,0.809,0.911,0.0617,0.64,0,0.00795,122.035,191242
26,Savage,Megan Thee Stallion,0.843,0.741,0.334,0.68,1,0.0252,168.983,155497
27,Es wird viel passiern,Pitt Henrich,0.422,0.881,0.0456,0.413,0,0.00376,176.971,216693
28,Astronomia 2K19 - Radio Edit,Stephan F,0.666,0.69,0.219,0.546,0,0.000569,126.17,190486
29,Roses - Imanbek Remix,SAINt JHN,0.77,0.724,0.0495,0.898,1,0.0167,121.975,176840
30,Kokonaan,Le Fvbelos,0.514,0.622,0.196,0.552,1,0.137,92.389,201371
31,Comatose,JADN,0.351,0.852,0.343,0.556,0,0.00462,162.005,155611
32,I'm On Fire,ConKi,0.651,0.497,0.0288,0.295,0,0.711,108.519,221480
33,Sweet Night,V,0.462,0.339,0.025,0.149,1,0.495,92.106,214259
34,I'm Yer Dad,GRLwood,0.551,0.953,0.17,0.176,1,0.0106,128.462,144109
35,Funky Town,Baby Land,0.859,0.831,0.041,0.393,1,0.00017,121.088,249626
36,Havanna,Oona,0.67,0.612,0.0366,0.547,1,0.393,89.996,208454
37,Kännissä On Kiva Olla - Discoversion,Sepi Kumpulainen,0.714,0.848,0.0351,0.527,1,0.00657,119.993,249200
38,Breaking Me,Topic,0.789,0.72,0.218,0.664,0,0.223,122.031,166794
39,Poika Pieni,Mängi,0.895,0.67,0.0731,0.843,1,0.075,93.042,152827
40,Sunday Best,Surfaces,0.878,0.525,0.0578,0.694,1,0.183,112.022,158571
41,La Isla Bonita,Hr. Troels,0.733,0.86,0.12,0.599,0,0.102,107.865,206389
42,Kings & Queens,Ava Max,0.638,0.688,0.0407,0.434,0,0.00775,129.856,162399
43,Pummilla Tokioon,Avionin Prinssi,0.685,0.834,0.271,0.59,0,0.723,97.942,167367
44,WHATS POPPIN,Jack Harlow,0.923,0.604,0.245,0.826,0,0.017,145.062,139741
45,3 Vets,The Future Kingz,0.92,0.595,0.248,0.908,1,0.172,145.003,175380
46,Nysänkt bil,Femedia,0.891,0.586,0.0594,0.673,0,0.165,109.979,149734
47,Leskenlehti,Komiat,0.485,0.816,0.13,0.668,0,0.249,200.056,231067
48,Thank You [Not So Bad],VIZE,0.656,0.89,0.187,0.268,0,0.201,100.037,197963
49,Camel Dancefloor,Igorrr,0.525,0.89,0.0557,0.604,1,0.00135,160.083,193067
50,Haarniska,IKE,0.51,0.571,0.0363,0.316,1,0.0883,174.001,183017
1,Skechers,DripReport,0.903,0.327,0.0877,0.274,1,0.26,100.008,106000
2,ily (i love you baby) (feat. Emilee),Surf Mesa,0.674,0.774,0.0892,0.33,0,0.0686,112.05,176547
3,Kaljaa ainiaan,Kaytanhousuja,0.56,0.794,0.0266,0.563,0,0.066,133.154,190877
4,Maailmanparantajat,Medium Arvet,0.58,0.782,0.0238,0.596,1,0.00381,95.039,245500
5,Think About Things,Daði Freyr,0.869,0.291,0.0615,0.646,0,0.0235,127.051,173387
6,Dance Monkey (8D Audio),8D Tunes,0.481,0.616,0.0482,0.252,0,0.0104,98.041,180485
7,Corona Virus,LIL NIX,0.57,0.408,0.52,0.838,0,0.25,149.127,133060
8,Bando,ANNA,0.97,0.739,0.295,0.414,0,0.155,120.061,168000
9,Poika Pieni,Mängi,0.895,0.67,0.0731,0.843,1,0.075,93.042,152827
10,Penelope (feat. Clever),william,0.794,0.668,0.0366,0.789,1,0.0434,129.948,183702
11,Supalonely,BENEE,0.863,0.631,0.0534,0.817,1,0.305,128.977,223480
12,Es wird viel passiern,Pitt Henrich,0.422,0.881,0.0456,0.413,0,0.00376,176.971,216693
13,Corona Virus,Yofrangel,0.882,0.87,0.0947,0.566,0,0.02,116.082,116121
14,death bed (coffee for your head) (feat. beabadoobee),Powfu,0.726,0.431,0.135,0.348,0,0.731,144.026,173333
15,Phantom,Allen Mock,0.559,0.787,0.3,0.158,1,0.0722,149.801,167634
16,Toss A Coin To Your Witcher (8D Audio),8D Tunes,0.423,0.62,0.0297,0.404,1,0.235,99.9,172844
17,Perhe,Mtv3,0.723,0.531,0.0305,0.409,1,0.0872,130.0,213159
18,Boss Bitch,Doja Cat,0.707,0.955,0.222,0.575,0,0.127,125.989,134240
19,PTSD,G Herbo,0.883,0.808,0.183,0.805,0,0.0317,119.012,232065
20,Blinding Lights,The Weeknd,0.514,0.73,0.0598,0.334,1,0.00146,171.005,200040
21,Blueberry Faygo,Lil Mosey,0.774,0.554,0.0383,0.349,1,0.207,99.034,162547
22,Parpaing,Igorrr,0.355,0.961,0.27,0.119,0,0.00624,94.528,216440
23,WHATS POPPIN,Jack Harlow,0.923,0.604,0.245,0.826,0,0.017,145.062,139741
24,Corona (Na Na),Rucka Rucka Ali,0.695,0.682,0.272,0.503,1,0.323,101.068,220693
25,I'm Yer Dad,GRLwood,0.551,0.953,0.17,0.176,1,0.0106,128.462,144109
26,Seppo Räty Berghainissa,Business City,0.703,0.799,0.0837,0.305,1,0.00017,136.958,284596
27,Löytäjä saa pitää,Mikael Gabriel,0.704,0.594,0.0431,0.671,1,0.489,114.961,204931
28,KYSYMYS (feat. Pyhimys),Cledos,0.808,0.557,0.0934,0.641,1,0.411,91.964,162316
29,Åka Båt,Krämmeskog Clubbers,0.726,0.983,0.064,0.317,0,0.298,139.984,217078
30,Kännissä On Kiva Olla - Discoversion,Sepi Kumpulainen,0.714,0.848,0.0351,0.527,1,0.00657,119.993,249200
31,Sunday Best,Surfaces,0.878,0.525,0.0578,0.694,1,0.183,112.022,158571
32,My Heart Went Oops,Tiagz,0.962,0.412,0.608,0.506,1,0.12,121.037,128926
33,E (Ventex),Albatraoz,0.922,0.661,0.29,0.764,1,0.0484,138.036,124830
34,Roses - Imanbek Remix,SAINt JHN,0.77,0.724,0.0495,0.898,1,0.0167,121.975,176840
35,Moral of the Story,Ashe,0.572,0.406,0.0427,0.265,1,0.587,119.812,201084
36,Suppaman,Cvshbaby,0.861,0.437,0.193,0.421,0,0.000905,147.972,168699
37,Äiti oli taas oikeessa,Aston Kalmari,0.446,0.949,0.0503,0.855,1,0.000582,170.045,215461
38,Savage,Megan Thee Stallion,0.843,0.741,0.334,0.68,1,0.0252,168.983,155497
39,Toisinaan,Esa Eloranta,0.652,0.672,0.0274,0.806,1,0.367,107.041,226400
40,FYE,Pesso,0.711,0.661,0.102,0.621,1,0.48,89.53,199840
41,Rikki,Henna Uoti,0.479,0.448,0.039,0.399,0,0.282,155.665,182350
42,They Call Me Tiago (Her Name Is Margo),Tiagz,0.88,0.578,0.0736,0.148,1,0.199,100.999,154455
43,Apollo,Smoove'L,0.622,0.494,0.457,0.166,1,0.0298,142.866,208968
44,She Gon Go,Trill Ryan,0.766,0.498,0.0519,0.496,0,0.00195,104.006,121010
45,Vibe (If I Back It Up),Cookiee Kawaii,0.754,0.568,0.344,0.175,1,0.0635,159.947,83940
46,Comatose,JADN,0.351,0.852,0.343,0.556,0,0.00462,162.005,155611
47,3 Vets,The Future Kingz,0.92,0.595,0.248,0.908,1,0.172,145.003,175380
48,Rip & Tear,Mick Gordon,0.506,0.882,0.0737,0.14,1,0.000655,107.994,257735
49,WANNABE,ITZY,0.809,0.911,0.0617,0.64,0,0.00795,122.035,191242
50,My Truck,BRELAND,0.883,0.299,0.105,0.551,1,0.232,136.985,158329
1,Skechers,DripReport,0.903,0.327,0.0877,0.274,1,0.26,100.008,106000
2,Kaljaa ainiaan,Kaytanhousuja,0.56,0.794,0.0266,0.563,0,0.066,133.154,190877
3,Corona Virus,LIL NIX,0.57,0.408,0.52,0.838,0,0.25,149.127,133060
4,death bed (coffee for your head) (feat. beabadoobee),Powfu,0.726,0.431,0.135,0.348,0,0.731,144.026,173333
5,Think About Things,Daði Freyr,0.869,0.291,0.0615,0.646,0,0.0235,127.051,173387
6,Es wird viel passiern,Pitt Henrich,0.422,0.881,0.0456,0.413,0,0.00376,176.971,216693
7,Corona Virus,Yofrangel,0.882,0.87,0.0947,0.566,0,0.02,116.082,116121
8,Supalonely,BENEE,0.863,0.631,0.0534,0.817,1,0.305,128.977,223480
9,Bando,ANNA,0.97,0.739,0.295,0.414,0,0.155,120.061,168000
10,PTSD,G Herbo,0.883,0.808,0.183,0.805,0,0.0317,119.012,232065
11,Moral of the Story,Ashe,0.572,0.406,0.0427,0.265,1,0.587,119.812,201084
12,Blinding Lights,The Weeknd,0.514,0.73,0.0598,0.334,1,0.00146,171.005,200040
13,Boss Bitch,Doja Cat,0.707,0.955,0.222,0.575,0,0.127,125.989,134240
14,I'm Yer Dad,GRLwood,0.551,0.953,0.17,0.176,1,0.0106,128.462,144109
15,Käärmeet,Sini Sabotage,0.666,0.716,0.0518,0.273,1,0.00606,143.982,168246
16,WHATS POPPIN,Jack Harlow,0.923,0.604,0.245,0.826,0,0.017,145.062,139741
17,Mersu-Humppa,Hehkumo,0.365,0.641,0.0362,0.873,1,0.361,138.894,129053
18,Corona (Na Na),Rucka Rucka Ali,0.695,0.682,0.272,0.503,1,0.323,101.068,220693
19,Raketilla vittuun,Pikakassa,0.542,0.846,0.0884,0.567,1,0.000667,77.278,42937
20,Move,The Mamas,0.465,0.784,0.051,0.566,1,0.101,102.782,168255
21,Äiti oli taas oikeessa,Aston Kalmari,0.446,0.949,0.0503,0.855,1,0.000582,170.045,215461
22,My Heart Went Oops,Tiagz,0.962,0.412,0.608,0.506,1,0.12,121.037,128926
23,Blueberry Faygo,Lil Mosey,0.774,0.554,0.0383,0.349,1,0.207,99.034,162547
24,Cicciolina,Kirkkovene,0.526,0.938,0.0418,0.703,1,0.0012,131.057,186870
25,Sunday Best,Surfaces,0.878,0.525,0.0578,0.694,1,0.183,112.022,158571
26,Poika Pieni,Mängi,0.895,0.67,0.0731,0.843,1,0.075,93.042,152827
27,ily (i love you baby) (feat. Emilee),Surf Mesa,0.674,0.774,0.0892,0.33,0,0.0686,112.05,176547
28,Bad Boy,Yung Bae,0.861,0.82,0.0728,0.781,0,0.032,118.04,187571
29,The Gambler,Kenny Rogers,0.671,0.501,0.0594,0.86,1,0.342,87.04,214880
30,Vibe (If I Back It Up),Cookiee Kawaii,0.754,0.568,0.344,0.175,1,0.0635,159.947,83940
31,Roses - Imanbek Remix,SAINt JHN,0.77,0.724,0.0495,0.898,1,0.0167,121.975,176840
32,CITY OF ANGELS,24kGoldn,0.686,0.541,0.0493,0.724,0,0.042,120.082,112493
33,Rip & Tear,Mick Gordon,0.506,0.882,0.0737,0.14,1,0.000655,107.994,257735
34,Penelope (feat. Clever),william,0.794,0.668,0.0366,0.789,1,0.0434,129.948,183702
35,Nosta Rimaa,Tonza,0.765,0.748,0.118,0.539,0,0.431,100.062,206700
36,Rikki,Henna Uoti,0.479,0.448,0.039,0.399,0,0.282,155.665,182350
37,Alavilla Mailla Hallan Vaara,Vini,0.416,0.383,0.0279,0.18,1,0.214,104.964,188012
38,Perhe,Mtv3,0.723,0.531,0.0305,0.409,1,0.0872,130.0,213159
39,E (Ventex),Albatraoz,0.922,0.661,0.29,0.764,1,0.0484,138.036,124830
40,Päiväuni,Ida Paul & Kalle Lindroth,0.725,0.727,0.0326,0.662,0,0.397,119.966,225404
41,Sä päätit tän,VIIVI,0.564,0.455,0.0284,0.287,1,0.502,132.582,189773
42,Lambada Night,Victoria,0.719,0.764,0.182,0.748,0,0.202,128.039,197921
43,She Gon Go,Trill Ryan,0.766,0.498,0.0519,0.496,0,0.00195,104.006,121010
44,Walked In,Ultradiox,0.891,0.538,0.394,0.643,1,0.123,80.032,107404
45,Go Stupid (feat. Mike WiLL Made-It),Polo G,0.92,0.833,0.253,0.645,1,0.0277,141.033,165726
46,Svarthamar,Metalhead,0.111,0.864,0.118,0.0349,1,0.000137,65.18,269347
47,La Cumbia Del Coronavirus,Mister Cumbia,0.79,0.536,0.0456,0.961,1,0.192,98.016,218175
48,Psycho!,MASN,0.868,0.365,0.0383,0.471,1,0.433,114.979,197217
49,3 Vets,The Future Kingz,0.92,0.595,0.248,0.908,1,0.172,145.003,175380
50,Don’t Need Love (with GRACEY),220 KID,0.702,0.716,0.0867,0.607,0,0.407,123.893,195480
1,Skechers,DripReport,0.907,0.332,0.0836,0.277,1,0.326,99.998,106031
2,Corona (Na Na),Rucka Rucka Ali,0.695,0.682,0.272,0.503,1,0.323,101.068,220693
3,death bed (coffee for your head) (feat. beabadoobee),Powfu,0.726,0.431,0.135,0.348,0,0.731,144.026,173333
4,Kaljaa ainiaan,Kaytanhousuja,0.56,0.794,0.0266,0.563,0,0.066,133.154,190877
5,Think About Things,Daði Freyr,0.869,0.291,0.0615,0.646,0,0.0235,127.051,173387
6,Corona Virus,LIL NIX,0.784,0.383,0.372,0.866,1,0.272,74.956,133094
7,Bando,ANNA,0.97,0.739,0.295,0.414,0,0.155,120.061,168000
8,Cicciolina,Kirkkovene,0.526,0.938,0.0418,0.703,1,0.0012,131.057,186870
9,Moral of the Story,Ashe,0.572,0.406,0.0427,0.265,1,0.587,119.812,201084
10,Corona Virus,Yofrangel,0.882,0.87,0.0947,0.566,0,0.02,116.082,116121
11,Boss Bitch,Doja Cat,0.707,0.955,0.222,0.575,0,0.127,125.989,134240
12,Es wird viel passiern,Pitt Henrich,0.422,0.881,0.0456,0.413,0,0.00376,176.971,216693
13,Supalonely,BENEE,0.863,0.631,0.0534,0.817,1,0.305,128.977,223480
14,Raketilla vittuun,Pikakassa,0.542,0.846,0.0884,0.567,1,0.000667,77.278,42937
15,My Heart Went Oops,Tiagz,0.962,0.412,0.608,0.506,1,0.12,121.037,128926
16,Blueberry Faygo,Lil Mosey,0.774,0.554,0.0383,0.349,1,0.207,99.034,162547
17,Penelope (feat. Clever),william,0.794,0.668,0.0366,0.789,1,0.0434,129.948,183702
18,Time Won't Heal,Nicumo,0.433,0.678,0.0323,0.294,1,0.00174,86.977,225591
19,Looking Back,Aksel,0.595,0.577,0.0333,0.194,1,0.442,125.021,171035
20,Mersu-Humppa,Hehkumo,0.365,0.641,0.0362,0.873,1,0.361,138.894,129053
21,Say So,Doja Cat,0.787,0.673,0.158,0.786,0,0.256,110.962,237893
22,WHATS POPPIN,Jack Harlow,0.923,0.604,0.245,0.826,0,0.017,145.062,139741
23,I'm Yer Dad,GRLwood,0.551,0.953,0.17,0.176,1,0.0106,128.462,144109
24,Go Stupid (feat. Mike WiLL Made-It),Polo G,0.92,0.833,0.253,0.645,1,0.0277,141.033,165726
25,E (Ventex),Albatraoz,0.922,0.661,0.29,0.764,1,0.0484,138.036,124830
26,Move,The Mamas,0.465,0.784,0.051,0.566,1,0.101,102.782,168255
27,Blinding Lights,The Weeknd,0.513,0.796,0.0629,0.345,1,0.00147,171.017,201573
28,Attention,Ulrikke,0.385,0.358,0.0356,0.154,0,0.198,127.871,180293
29,3 Vets,The Future Kingz,0.92,0.595,0.248,0.908,1,0.172,145.003,175380
30,So What,LOONA,0.608,0.947,0.244,0.511,1,0.0801,125.082,198040
31,Vibe,Cookiee Kawaii,0.759,0.561,0.384,0.169,1,0.0676,159.995,84008
32,Sunday Best,Surfaces,0.878,0.525,0.0578,0.694,1,0.183,112.022,158571
33,Bad Boy,Yung Bae,0.861,0.82,0.0728,0.781,0,0.032,118.04,187571
34,Psycho!,MASN,0.868,0.365,0.0383,0.471,1,0.433,114.979,197217
35,Voimaa ja valoa,Pete Parkkonen,0.559,0.724,0.029,0.279,1,0.00692,147.915,250000
36,CITY OF ANGELS,24kGoldn,0.686,0.541,0.0493,0.724,0,0.042,120.082,112493
37,The Box,Roddy Ricch,0.896,0.586,0.0559,0.642,0,0.104,116.971,196653
38,Bulletproof,Dotter,0.462,0.607,0.0421,0.346,0,0.0617,189.961,186395
39,Hirveissä Oloissa,Etelän Vetelät,0.509,0.96,0.238,0.692,0,0.0922,177.892,237740
40,She Gon Go,Trill Ryan,0.766,0.498,0.0519,0.496,0,0.00195,104.006,121010
41,Walked In,Ultradiox,0.891,0.538,0.394,0.643,1,0.123,80.032,107404
42,YES,BEN & TAN,0.563,0.583,0.031,0.525,1,0.00658,91.899,180489
43,Nosta Rimaa,Tonza,0.765,0.748,0.118,0.539,0,0.431,100.062,206700
44,Flooding Secrations (feat. Eemeli Bodde),Mika Lammassaari,0.51,0.96,0.161,0.259,1,9.08e-06,125.001,139853
45,Apollo,Smoove'L,0.622,0.494,0.457,0.166,1,0.0298,142.866,208968
46,Perhe,Mtv3,0.723,0.531,0.0305,0.409,1,0.0872,130.0,213159
47,Sä päätit tän,VIIVI,0.564,0.455,0.0284,0.287,1,0.502,132.582,189773
48,Poika Pieni,Mängi,0.895,0.67,0.0731,0.843,1,0.075,93.042,152827
49,Bussin,Tay Money,0.858,0.519,0.208,0.752,0,0.45,148.087,97297
50,Sukupuuttoon,Nelli Matula,0.345,0.671,0.0404,0.16,1,0.0863,185.741,227656
1,death bed (coffee for your head) (feat. beabadoobee),Powfu,0.726,0.431,0.135,0.348,0,0.731,144.026,173333
2,Skechers,DripReport,0.907,0.332,0.0836,0.277,1,0.326,99.998,106031
3,Looking Back,Aksel,0.595,0.577,0.0333,0.194,1,0.442,125.021,171035
4,Moral of the Story,Ashe,0.572,0.406,0.0427,0.265,1,0.587,119.812,201084
5,Bando,ANNA,0.97,0.739,0.295,0.414,0,0.155,120.061,168000
6,Think About Things,Daði Freyr,0.869,0.291,0.0615,0.646,0,0.0235,127.051,173387
7,Thank You [Not So Bad],VIZE,0.656,0.89,0.187,0.268,0,0.201,100.037,197963
8,Taurus,Spirit,0.224,0.108,0.0355,0.0395,1,0.584,139.105,157133
9,Supalonely,BENEE,0.863,0.631,0.0534,0.817,1,0.305,128.977,223480
10,Cicciolina,Erika Vikman,0.663,0.923,0.0556,0.805,0,0.176,130.912,178559
11,Boss Bitch,Doja Cat,0.707,0.955,0.222,0.575,0,0.127,125.989,134240
12,Blinding Lights,The Weeknd,0.513,0.796,0.0629,0.345,1,0.00147,171.017,201573
13,Say So,Doja Cat,0.787,0.673,0.158,0.786,0,0.256,110.962,237893
14,Blueberry Faygo,Lil Mosey,0.774,0.554,0.0383,0.349,1,0.207,99.034,162547
15,Psycho!,MASN,0.868,0.365,0.0383,0.471,1,0.433,114.979,197217
16,Corona (Na Na),Rucka Rucka Ali,0.695,0.682,0.272,0.503,1,0.323,101.068,220693
17,WHATS POPPIN,Jack Harlow,0.923,0.604,0.245,0.826,0,0.017,145.062,139741
18,Bussin,Tay Money,0.858,0.519,0.208,0.752,0,0.45,148.087,97297
19,ily (i love you baby) (feat. Emilee),Surf Mesa,0.674,0.774,0.0892,0.33,0,0.0686,112.05,176547
20,16v,Cavallini & Shrty,0.809,0.628,0.104,0.513,0,0.234,93.021,165161
21,Epäröimättä hetkeekään,Elastinen,0.487,0.669,0.0692,0.347,0,0.0349,93.016,200740
22,Matkalaukussa,Sinitaivas,0.656,0.677,0.0247,0.494,0,0.0144,98.973,219000
23,Sunday Best,Surfaces,0.878,0.525,0.0578,0.694,1,0.183,112.022,158571
24,Hukassa,Nikolas,0.693,0.578,0.037,0.391,1,0.0253,116.029,181253
25,Alien,Mari Johanna,0.963,0.589,0.171,0.447,0,0.147,105.009,126214
26,CITY OF ANGELS,24kGoldn,0.686,0.541,0.0493,0.724,0,0.042,120.082,112493
27,Go Stupid (feat. Mike WiLL Made-It),Polo G,0.92,0.833,0.253,0.645,1,0.0277,141.033,165726
28,No Time To Die,Billie Eilish,0.38,0.219,0.0358,0.0517,0,0.917,73.537,242265
29,Vibe,Cookiee Kawaii,0.759,0.561,0.384,0.169,1,0.0676,159.995,84008
30,The Box,Roddy Ricch,0.896,0.586,0.0559,0.642,0,0.104,116.971,196653
31,My Heart Went Oops,Tiagz,0.962,0.412,0.608,0.506,1,0.12,121.037,128926
32,So What,LOONA,0.608,0.947,0.244,0.511,1,0.0801,125.082,198040
33,Walked In,Ultradiox,0.891,0.538,0.394,0.643,1,0.123,80.032,107404
34,Bum-Rush,Body Count,0.511,0.967,0.0995,0.351,1,2.43e-05,141.336,203560
35,Ota Iisii,Yvng So,0.925,0.503,0.227,0.379,1,4.89e-05,100.032,122750
36,Cannibal,Kesha,0.71,0.68,0.106,0.571,1,0.0078,129.971,194253
37,Täysin sun,Miika Mattila,0.645,0.557,0.0299,0.151,1,0.0145,100.019,212832
38,YES,BEN & TAN,0.563,0.583,0.031,0.525,1,0.00658,91.899,180489
39,Time Won't Heal,Nicumo,0.433,0.678,0.0323,0.294,1,0.00174,86.977,225591
40,Suppaman,Cvshbaby,0.861,0.437,0.193,0.421,0,0.000905,147.972,168699
41,Need Me,J.I the Prince of N.Y,0.815,0.567,0.135,0.732,0,0.156,95.034,151641
42,Stuck Up,Music With Edgar,0.876,0.484,0.31,0.62,1,0.1,110.096,111429
43,Rynnäkkökännit,Jones,0.415,0.686,0.304,0.809,0,0.12,180.128,225806
44,Соловей,Go_A,0.793,0.702,0.0324,0.282,0,0.282,102.008,175257
45,il vento d'oro,Yugo Kanno,0.491,0.915,0.143,0.582,1,0.00652,134.947,295576
46,2020,Anna Puu,0.581,0.675,0.0513,0.484,0,0.0351,127.014,200616
47,Physical,Dua Lipa,0.647,0.844,0.0457,0.746,1,0.0137,146.962,193829
48,Svag,Victor Leksell,0.628,0.525,0.0672,0.446,1,0.749,76.972,191104
49,Oikein pieni,KARU,0.581,0.278,0.0301,0.331,0,0.287,149.697,209267
50,Choke,Bury Tomorrow,0.503,0.981,0.0936,0.34,1,0.000682,124.91,227440
1,death bed (coffee for your head) (feat. beabadoobee),Powfu,0.726,0.431,0.135,0.348,0,0.731,144.026,173333
2,Moral of the Story,Ashe,0.572,0.406,0.0427,0.265,1,0.587,119.812,201084
3,Skechers,DripReport,0.907,0.332,0.0836,0.277,1,0.326,99.998,106031
4,WHATS POPPIN,Jack Harlow,0.923,0.604,0.245,0.826,0,0.017,145.062,139741
5,Thank You [Not So Bad],VIZE,0.656,0.89,0.187,0.268,0,0.201,100.037,197963
6,E (Ventex),Albatraoz,0.922,0.661,0.29,0.764,1,0.0484,138.036,124830
7,Psycho!,MASN,0.868,0.365,0.0383,0.471,1,0.433,114.979,197217
8,Vibe,Cookiee Kawaii,0.759,0.561,0.384,0.169,1,0.0676,159.995,84008
9,Say So,Doja Cat,0.787,0.673,0.158,0.786,0,0.256,110.962,237893
10,4 Da Trap,645AR,0.685,0.593,0.0633,0.362,1,0.51,142.193,96000
11,Stuck Up,Music With Edgar,0.876,0.484,0.31,0.62,1,0.1,110.096,111429
12,Sunday Best,Surfaces,0.878,0.525,0.0578,0.694,1,0.183,112.022,158571
13,Epäröimättä hetkeekään,Elastinen,0.487,0.669,0.0692,0.347,0,0.0349,93.016,200740
14,Wake,My Favourite Nemesis,0.568,0.826,0.029,0.248,1,0.000213,121.011,261160
15,Toss A Coin To Your Witcher,Sonya Belousova,0.469,0.425,0.0304,0.481,0,0.92,103.128,190307
16,16v,Cavallini & Shrty,0.809,0.628,0.104,0.513,0,0.234,93.021,165161
17,CITY OF ANGELS,24kGoldn,0.686,0.541,0.0493,0.724,0,0.042,120.082,112493
18,She Gon Go,Trill Ryan,0.766,0.498,0.0519,0.496,0,0.00195,104.006,121010
19,WHAT?,Loki Wildin',0.896,0.649,0.301,0.381,0,0.04,129.943,142159
20,Svag,Victor Leksell,0.628,0.525,0.0672,0.446,1,0.749,76.972,191104
21,2020,Anna Puu,0.581,0.675,0.0513,0.484,0,0.0351,127.014,200616
22,Supalonely,BENEE,0.863,0.631,0.0534,0.817,1,0.305,128.977,223480
23,Blinding Lights,The Weeknd,0.513,0.796,0.0629,0.345,1,0.00147,171.017,201573
24,Sellainen ku sä,Tuomas Kauhanen,0.798,0.699,0.046,0.491,1,0.242,112.017,190500
25,Think About Things,Daði Freyr,0.869,0.291,0.0615,0.646,0,0.0235,127.051,173387
26,Rynnäkkökännit,Jones,0.415,0.686,0.304,0.809,0,0.12,180.128,225806
27,Cicciolina,Erika Vikman,0.663,0.923,0.0556,0.805,0,0.176,130.912,178559
28,Physical,Dua Lipa,0.647,0.844,0.0457,0.746,1,0.0137,146.962,193829
29,Any song,ZICO,0.874,0.787,0.129,0.896,0,0.118,108.007,227227
30,My Heart Went Oops,Tiagz,0.962,0.412,0.608,0.506,1,0.12,121.037,128926
31,Walked In,Ultradiox,0.891,0.538,0.394,0.643,1,0.123,80.032,107404
32,Seittemän (feat. BESS),Raappana,0.725,0.596,0.0427,0.636,0,0.132,100.018,205602
33,Drugs,UPSAHL,0.883,0.415,0.174,0.318,0,0.35,76.984,155867
34,Täysin sun,Miika Mattila,0.645,0.557,0.0299,0.151,1,0.0145,100.019,212832
35,Ota Iisii,Yvng So,0.925,0.503,0.227,0.379,1,4.89e-05,100.032,122750
36,Dior,Pop Smoke,0.548,0.805,0.351,0.648,1,0.212,142.094,216387
37,The Box,Roddy Ricch,0.896,0.586,0.0559,0.642,0,0.104,116.971,196653
38,Bad Boy,Yung Bae,0.861,0.82,0.0728,0.781,0,0.032,118.04,187571
39,DUN DUN,EVERGLOW,0.692,0.881,0.0461,0.433,0,0.0457,103.055,192280
40,Blueberry Faygo,Lil Mosey,0.774,0.554,0.0383,0.349,1,0.207,99.034,162547
41,Breaking Me,Topic,0.789,0.72,0.218,0.664,0,0.223,122.031,166794
42,My Truck,BRELAND,0.883,0.299,0.105,0.551,1,0.232,136.985,158329
43,Get Back,Pop Smoke,0.798,0.649,0.306,0.566,1,0.0746,142.006,108160
44,Meillä on bileet,Aino Ja Noora,0.848,0.611,0.0607,0.926,0,0.0994,126.929,149528
45,Ballerina,Malou Prytz,0.472,0.61,0.0648,0.306,0,0.00471,93.788,182830
46,Destined For Greatness,Tobi & Manny,0.866,0.611,0.129,0.176,1,0.352,104.994,150857
47,Hei rakas,BEHM,0.68,0.411,0.0282,0.251,0,0.43,115.024,211671
48,Attention,Ulrikke,0.385,0.358,0.0356,0.154,0,0.198,127.871,180293
49,1 tapa rakastaa,Olli Herman,0.703,0.752,0.0316,0.404,1,0.00299,126.965,254661
50,Run,Joji,0.447,0.72,0.0332,0.362,1,0.0416,157.892,195000
1,death bed (coffee for your head) (feat. beabadoobee),Powfu,0.726,0.431,0.135,0.348,0,0.731,144.026,173333
2,Moral of the Story,Ashe,0.572,0.406,0.0427,0.265,1,0.587,119.812,201084
3,4 Da Trap,645AR,0.685,0.593,0.0633,0.362,1,0.51,142.193,96000
4,WHATS POPPIN,Jack Harlow,0.923,0.604,0.245,0.826,0,0.017,145.062,139741
5,Epäröimättä hetkeekään,Elastinen,0.487,0.669,0.0692,0.347,0,0.0349,93.016,200740
6,Psycho!,MASN,0.868,0.365,0.0383,0.471,1,0.433,114.979,197217
7,WHAT?,Loki Wildin',0.896,0.649,0.301,0.381,0,0.04,129.943,142159
8,Toss A Coin To Your Witcher,Sonya Belousova,0.469,0.425,0.0304,0.481,0,0.92,103.128,190307
9,Cicciolina,Erika Vikman,0.663,0.923,0.0556,0.805,0,0.176,130.912,178559
10,16v,Cavallini & Shrty,0.809,0.628,0.104,0.513,0,0.234,93.021,165161
11,Diva (feat. Lil Tecca),The Kid LAROI,0.686,0.703,0.0606,0.457,0,0.00728,144.902,172005
12,Say So,Doja Cat,0.787,0.673,0.158,0.786,0,0.256,110.962,237893
13,Lambada,Hr. Troels,0.689,0.795,0.0627,0.513,0,0.15,126.082,186667
14,Rynnäkkökännit,Jones,0.415,0.686,0.304,0.809,0,0.12,180.128,225806
15,Dangerous Ground,H.E.A.T,0.439,0.975,0.13,0.645,1,0.000105,172.023,246827
16,Meillä on bileet,Aino Ja Noora,0.848,0.611,0.0607,0.926,0,0.0994,126.929,149528
17,Dior,Pop Smoke,0.548,0.805,0.351,0.648,1,0.212,142.094,216387
18,Trust,Brent Faiyaz,0.764,0.396,0.159,0.475,1,0.227,92.006,158421
19,My Truck,BRELAND,0.883,0.299,0.105,0.551,1,0.232,136.985,158329
20,Blinding Lights,The Weeknd,0.513,0.796,0.0629,0.345,1,0.00147,171.017,201573
21,Skechers,DripReport,0.907,0.332,0.0836,0.277,1,0.326,99.998,106031
22,Sunday Best,Surfaces,0.878,0.525,0.0578,0.694,1,0.183,112.022,158571
23,The Box,Roddy Ricch,0.896,0.586,0.0559,0.642,0,0.104,116.971,196653
24,Kuolemantähti,Folkhem,0.489,0.859,0.0439,0.449,0,0.0165,169.861,204575
25,E (Ventex),Albatraoz,0.922,0.661,0.29,0.764,1,0.0484,138.036,124830
26,Marco de BIH,Sexmane,0.744,0.448,0.433,0.924,0,0.295,89.358,200000
27,DUN DUN,EVERGLOW,0.692,0.881,0.0461,0.433,0,0.0457,103.055,192280
28,Vibe,Cookiee Kawaii,0.759,0.561,0.384,0.169,1,0.0676,159.995,84008
29,Welcome To The Party,Pop Smoke,0.637,0.723,0.091,0.228,1,0.0134,143.013,214960
30,Mun himaan,Antti Koivula,0.834,0.774,0.115,0.808,1,0.197,121.027,165644
31,Walked In,Ultradiox,0.891,0.538,0.394,0.643,1,0.123,80.032,107404
32,Bussin,Tay Money,0.858,0.519,0.208,0.752,0,0.45,148.087,97297
33,Ota Iisii,Yvng So,0.925,0.503,0.227,0.379,1,4.89e-05,100.032,122750
34,Physical,Dua Lipa,0.647,0.844,0.0457,0.746,1,0.0137,146.962,193829
35,Breaking Me,Topic,0.789,0.72,0.218,0.664,0,0.223,122.031,166794
36,Rikollinen,Vilma Alina,0.656,0.674,0.0406,0.483,0,0.314,112.975,172766
37,Hei rakas,BEHM,0.68,0.411,0.0282,0.251,0,0.43,115.024,211671
38,CITY OF ANGELS,24kGoldn,0.686,0.541,0.0493,0.724,0,0.042,120.082,112493
39,Hitaasti,Evelina,0.435,0.591,0.0543,0.396,1,0.219,95.578,212315
40,Svag,Victor Leksell,0.628,0.525,0.0672,0.446,1,0.749,76.972,191104
41,Painajaiset,Nikke Ankara,0.637,0.605,0.0836,0.479,1,0.267,134.997,200800
42,Toinen ihminen,Mokoma,0.428,0.921,0.0497,0.377,1,0.0101,149.879,232067
43,Hide & Seek,Scarlett Breaks,0.316,0.919,0.077,0.408,1,0.00145,114.648,198140
44,Artificial,Lost Society,0.455,0.921,0.082,0.204,0,5.37e-05,135.386,248136
45,Onnellinen loppu,Kaija Koo,0.551,0.676,0.0368,0.396,1,0.0517,81.996,217646
46,War (feat. Lil Tjay) - Bonus,Pop Smoke,0.641,0.76,0.179,0.59,0,0.195,141.82,221827
47,Uus alku,Kylmä K,0.691,0.727,0.0494,0.627,0,0.173,159.985,168000
48,So Heavy I Fell Through the Earth - Art Mix,Grimes,0.447,0.553,0.0298,0.19,1,0.0189,90.016,368267
49,Godzilla (feat. Juice WRLD),Eminem,0.808,0.745,0.342,0.829,0,0.145,165.995,210800
50,Bad Boy,Yung Bae,0.861,0.82,0.0728,0.781,0,0.032,118.04,187571
1,Cicciolina,Erika Vikman,0.663,0.923,0.0556,0.805,0,0.176,130.912,178559
2,death bed (coffee for your head) (feat. beabadoobee),Powfu,0.726,0.431,0.135,0.348,0,0.731,144.026,173333
3,WHAT?,Loki Wildin',0.896,0.649,0.301,0.381,0,0.04,129.943,142159
4,Vibe,Cookiee Kawaii,0.759,0.561,0.384,0.169,1,0.0676,159.995,84008
5,Psycho!,MASN,0.868,0.365,0.0383,0.471,1,0.433,114.979,197217
6,Toss A Coin To Your Witcher,Sonya Belousova,0.469,0.425,0.0304,0.481,0,0.92,103.128,190307
7,WHATS POPPIN,Jack Harlow,0.923,0.604,0.245,0.826,0,0.017,145.062,139741
8,Bananas,F3M,0.608,0.822,0.131,0.914,1,0.0773,185.926,162776
9,Let Her Go,The Kid LAROI,0.763,0.542,0.148,0.504,0,0.639,142.031,122113
10,Looking Back,Aksel,0.595,0.577,0.0333,0.194,1,0.442,125.021,171035
11,Dior,Pop Smoke,0.548,0.805,0.351,0.648,1,0.212,142.094,216387
12,4 Da Trap,645AR,0.635,0.589,0.0721,0.394,1,0.52,142.049,95502
13,Moral of the Story,Ashe,0.572,0.406,0.0427,0.265,1,0.587,119.812,201084
14,The Box,Roddy Ricch,0.896,0.586,0.0559,0.642,0,0.104,116.971,196653
15,Onnellinen loppu,Kaija Koo,0.551,0.676,0.0368,0.396,1,0.0517,81.996,217646
16,Say So,Doja Cat,0.787,0.673,0.158,0.786,0,0.256,110.962,237893
17,You Broke My Heart Again,Teqkoi,0.451,0.143,0.235,0.233,1,0.956,149.509,103400
18,Marco de BIH,Sexmane,0.744,0.448,0.433,0.924,0,0.295,89.358,200000
19,Hei rakas,BEHM,0.68,0.411,0.0282,0.251,0,0.43,115.024,211671
20,Toss a Coin to Your Witcher - Metal Version,Dan Vasc,0.495,0.684,0.0392,0.349,1,0.0151,103.738,188000
21,Tush Keissi,VR Hoodstar,0.886,0.521,0.348,0.826,1,0.16,152.159,182047
22,Blinding Lights,The Weeknd,0.513,0.796,0.0629,0.345,1,0.00147,171.017,201573
23,Hitaasti,Evelina,0.435,0.591,0.0543,0.396,1,0.219,95.578,212315
24,BLACKOUT,Lil Kapow,0.726,0.298,0.695,0.486,1,0.0566,150.036,83131
25,War (feat. Lil Tjay) - Bonus,Pop Smoke,0.641,0.76,0.179,0.59,0,0.195,141.82,221827
26,Welcome to Wonderland,Anson Seabra,0.703,0.179,0.0366,0.346,1,0.949,97.427,199131
27,CARTEL,Loki Wildin',0.739,0.65,0.114,0.587,1,0.0267,89.981,197354
28,Boss Bitch,Doja Cat,0.707,0.955,0.222,0.575,0,0.127,125.989,134240
29,GOODMORNINGTOKYO!,TOKYO’S REVENGE,0.907,0.539,0.36,0.664,1,0.0408,124.918,150115
30,My Truck,BRELAND,0.883,0.299,0.105,0.551,1,0.232,136.985,158329
31,I Let My Heart Break,TIKA,0.479,0.51,0.0329,0.4,0,0.0734,144.796,181106
32,Godzilla (feat. Juice WRLD),Eminem,0.808,0.745,0.342,0.829,0,0.145,165.995,210800
33,Not So Bad (feat. Emie),Yves V,0.74,0.674,0.0476,0.231,1,0.00903,126.017,153697
34,CITY OF ANGELS,24kGoldn,0.686,0.541,0.0493,0.724,0,0.042,120.082,112493
35,Anna mulle kesää,Nyrkkitappelu,0.564,0.907,0.0852,0.713,1,0.0302,154.892,118747
36,Opaul,Freddie Dredd,0.815,0.884,0.213,0.638,1,0.00555,145.031,140488
37,Sininen Verho,Eetu Riikonen,0.347,0.936,0.0645,0.626,0,0.0219,169.997,265665
38,Jahtaan,Joe L,0.699,0.599,0.0452,0.446,1,0.0872,81.0,130741
39,Sunday Best,Surfaces,0.878,0.525,0.0578,0.694,1,0.183,112.022,158571
40,Smurfiina,Färmy,0.626,0.638,0.234,0.263,0,0.302,174.994,153607
41,WINTER FLOWER(Feat.RM),Younha,0.564,0.796,0.0737,0.241,1,0.118,95.946,221133
42,Lumilinna,Keko Salata,0.764,0.746,0.168,0.656,0,0.212,139.968,199978
43,Eternal Youth,RŮDE,0.655,0.487,0.033,0.0454,1,0.0347,139.914,205766
44,Kaunis kasvaa pimeään,Markus Salo,0.58,0.689,0.0251,0.365,0,0.128,82.002,200306
45,This Is For Rachel For Acting Up,Visualz By Mariee,0.852,0.56,0.314,0.234,0,0.0284,96.999,158668
46,Lottery (Renegade),K CAMP,0.915,0.556,0.216,0.67,1,0.0145,148.964,170947
47,Skechers,DripReport,0.907,0.332,0.0836,0.277,1,0.326,99.998,106031
48,Commando,Bleak Purdy,0.874,0.536,0.279,0.51,0,0.181,140.031,130321
49,Bråtebrann,Kvelertak,0.374,0.951,0.0604,0.477,1,5.89e-05,95.477,418438
50,Costa Rica,Bankrol Hayden,0.888,0.516,0.41,0.606,0,0.148,127.803,114865
1,WHAT?,Loki Wildin',0.896,0.649,0.301,0.381,0,0.04,129.943,142159
2,death bed (coffee for your head) (feat. beabadoobee),Powfu,0.726,0.431,0.135,0.348,0,0.731,144.026,173333
3,The Box,Roddy Ricch,0.896,0.586,0.0559,0.642,0,0.104,116.971,196653
4,My Truck,BRELAND,0.883,0.299,0.105,0.551,1,0.232,136.985,158329
5,Psycho!,MASN,0.868,0.365,0.0383,0.471,1,0.433,114.979,197217
6,No 1 Else - Radio Mix,Bushman,0.638,0.937,0.0347,0.978,0,0.000588,152.679,226000
7,Break My Stride,Matthew Wilder,0.917,0.588,0.0607,0.828,1,0.195,110.077,184480
8,Astetta kovempi jätkä,Nameless J,0.704,0.437,0.231,0.472,0,0.107,185.874,236516
9,Marco de BIH,Sexmane,0.744,0.448,0.433,0.924,0,0.295,89.358,200000
10,Sunday Best,Surfaces,0.878,0.525,0.0578,0.694,1,0.183,112.022,158571
11,Blinding Lights,The Weeknd,0.513,0.796,0.0629,0.345,1,0.00147,171.017,201573
12,Let Her Go,The Kid LAROI,0.763,0.542,0.148,0.504,0,0.639,142.031,122113
13,Kraazy,Likybo,0.689,0.701,0.237,0.37,0,0.314,94.982,151579
14,Ruuneperi,Soiva Siili,0.554,0.576,0.0452,0.804,1,0.394,96.137,138253
15,Just A Little,Tomi Saario,0.746,0.613,0.0762,0.42,1,0.313,173.994,178600
16,Musta huppari,ARTEM,0.537,0.68,0.0448,0.419,1,0.00527,154.074,189730
17,Godzilla (feat. Juice WRLD),Eminem,0.808,0.745,0.342,0.829,0,0.145,165.995,210800
18,Svag,Victor Leksell,0.628,0.525,0.0672,0.446,1,0.749,76.972,191104
19,You Broke My Heart Again,Teqkoi,0.451,0.143,0.235,0.233,1,0.956,149.509,103400
20,Not So Bad (feat. Emie),Yves V,0.74,0.674,0.0476,0.231,1,0.00903,126.017,153697
21,Hei rakas,BEHM,0.68,0.411,0.0282,0.251,0,0.43,115.024,211671
22,Mitä Ihmettä Sä Haluut,Dani,0.707,0.483,0.125,0.464,1,0.302,150.095,183588
23,Life Is Good (feat. Drake),Future,0.676,0.609,0.481,0.508,0,0.0706,142.037,237735
24,WINTER FLOWER(Feat.RM),Younha,0.564,0.796,0.0737,0.241,1,0.118,95.946,221133
25,Say So,Doja Cat,0.787,0.673,0.158,0.786,0,0.256,110.962,237893
26,Toss a Coin to Your Witcher - Metal Version,Dan Vasc,0.495,0.684,0.0392,0.349,1,0.0151,103.738,188000
27,Jos tuut mua vastaan (feat. la haka),WIL,0.635,0.681,0.0465,0.451,0,0.204,99.991,167354
28,Tush Keissi,VR Hoodstar,0.886,0.521,0.348,0.826,1,0.16,152.159,182047
29,Narsistiset natsit,Kumikameli,0.389,0.962,0.0689,0.657,1,0.00215,150.055,199773
30,GOODMORNINGTOKYO!,TOKYO’S REVENGE,0.907,0.539,0.36,0.664,1,0.0408,124.918,150115
31,Tjena Britta (Dolemite 2021),DJ Loppetiss,0.692,0.783,0.23,0.567,1,0.0855,155.026,140983
32,Boys Ain't Shit,SAYGRACE,0.826,0.616,0.137,0.842,0,0.435,102.996,175884
33,Hokusai,Muuan mies,0.77,0.692,0.0558,0.363,0,0.412,119.455,195524
34,CARTEL,Loki Wildin',0.739,0.65,0.114,0.587,1,0.0267,89.981,197354
35,Deja Vu,Madboiali,0.821,0.455,0.221,0.31,1,0.0458,141.096,151494
36,Any song,ZICO,0.874,0.787,0.129,0.896,0,0.118,108.007,227227
37,Pump It Up,Endor,0.899,0.894,0.222,0.654,1,0.203,129.045,150635
38,Tsunami,El Migu,0.715,0.655,0.0649,0.656,1,0.672,170.088,159653
39,Breaking Me,Topic,0.789,0.72,0.218,0.664,0,0.223,122.031,166794
40,Valhalla,Ringnes-Ronny,0.661,0.648,0.0365,0.66,1,0.0889,95.001,184753
41,Kuningasidea,Tulipää,0.661,0.62,0.0385,0.276,0,0.0391,120.082,228587
42,You should be sad,Halsey,0.591,0.585,0.0277,0.324,1,0.143,110.94,205473
43,Opaul,Freddie Dredd,0.815,0.884,0.213,0.638,1,0.00555,145.031,140488
44,All I Want - From "High School Musical: The Musical: The Series",Olivia Rodrigo,0.376,0.43,0.0328,0.129,0,0.0902,77.599,177323
45,Salt,Ava Max,0.693,0.835,0.0623,0.743,1,0.131,128.057,180283
46,Ut å ströga feat. kjarbo,Femedia,0.825,0.687,0.128,0.643,1,0.0233,125.983,122305
47,Bad Dreams,PK Keränen,0.544,0.594,0.0288,0.694,1,0.0239,94.059,181198
48,Joke's On You,Charlotte Lawrence,0.476,0.652,0.104,0.47,0,0.23,190.118,184659
49,Yksin Jään,Ville Nurminen,0.678,0.599,0.0691,0.597,1,0.731,77.931,197551
50,This Is For Rachel For Acting Up,Visualz By Mariee,0.852,0.56,0.314,0.234,0,0.0284,96.999,158668
1,WHAT?,Loki Wildin',0.896,0.649,0.301,0.381,0,0.04,129.943,142159
2,Break My Stride,Matthew Wilder,0.917,0.588,0.0607,0.828,1,0.195,110.077,184480
3,The Box,Roddy Ricch,0.896,0.586,0.0559,0.642,0,0.104,116.971,196653
4,Mitä Ihmettä Sä Haluut,Dani,0.707,0.483,0.125,0.464,1,0.302,150.095,183588
5,Astetta kovempi jätkä,Nameless J,0.704,0.437,0.231,0.472,0,0.107,185.874,236516
6,Ruuneperi,Soiva Siili,0.554,0.576,0.0452,0.804,1,0.394,96.137,138253
7,Toss a Coin to Your Witcher,Samuel Kim,0.466,0.48,0.0275,0.189,0,0.588,95.051,177249
8,Say So,Doja Cat,0.787,0.673,0.158,0.786,0,0.256,110.962,237893
9,Let Her Go,The Kid LAROI,0.763,0.542,0.148,0.504,0,0.639,142.031,122113
10,Kraazy,Likybo,0.689,0.701,0.237,0.37,0,0.314,94.982,151579
11,Jos tuut mua vastaan (feat. la haka),WIL,0.635,0.681,0.0465,0.451,0,0.204,99.991,167354
12,You Broke My Heart Again,Teqkoi,0.451,0.143,0.235,0.233,1,0.956,149.509,103400
13,All I Want - From "High School Musical: The Musical: The Series",Olivia Rodrigo,0.376,0.43,0.0328,0.129,0,0.0902,77.599,177323
14,CARTEL,Loki Wildin',0.739,0.65,0.114,0.587,1,0.0267,89.981,197354
15,Nothing Is Gonna Be Ok,Block of Flats,0.498,0.876,0.0453,0.744,1,4.23e-05,180.042,235177
16,No 1 Else - Radio Mix,Bushman,0.638,0.937,0.0347,0.978,0,0.000588,152.679,226000
17,Painu Vittuun,Joa,0.65,0.645,0.172,0.702,1,0.0609,155.759,189500
18,Helvetti,Niko Tiuraniemi,0.565,0.463,0.0262,0.317,1,0.109,77.981,213250
19,WINTER FLOWER(Feat.RM),Younha,0.564,0.796,0.0737,0.241,1,0.118,95.946,221133
20,Costa Rica,Bankrol Hayden,0.888,0.516,0.41,0.606,0,0.148,127.803,114865
21,Hei rakas,BEHM,0.68,0.411,0.0282,0.251,0,0.43,115.024,211671
22,Not So Bad (feat. Emie),Yves V,0.74,0.674,0.0476,0.231,1,0.00903,126.017,153697
23,Blinding Lights,The Weeknd,0.513,0.796,0.0629,0.345,1,0.00147,171.017,201573
24,Guilty Conscience,070 Shake,0.539,0.638,0.136,0.222,1,0.00676,179.822,213333
25,Immortal,Lorna Shore,0.398,0.871,0.0632,0.0737,1,0.000125,129.991,413093
26,Psycho!,MASN,0.868,0.365,0.0383,0.471,1,0.433,114.979,197217
27,Breaking Me,Topic,0.789,0.72,0.218,0.664,0,0.223,122.031,166794
28,In Your Eyes (feat. Alida),Robin Schulz,0.57,0.672,0.0723,0.448,0,0.177,120.019,208222
29,Talonväen Teuraat,Verikalpa,0.478,0.952,0.0414,0.465,1,0.000163,95.04,231067
30,Marco de BIH,Sexmane,0.744,0.448,0.433,0.924,0,0.295,89.358,200000
31,Death Portrait,Lorna Shore,0.407,0.842,0.079,0.191,1,1.42e-05,125.066,308827
32,Suicidal,YNW Melly,0.735,0.369,0.0688,0.235,0,0.334,140.004,222997
33,Blues,Kennel,0.649,0.382,0.04,0.658,1,0.842,130.082,244640
34,Protector,Heaven Shall Burn,0.309,0.98,0.106,0.137,0,5.17e-06,175.178,321970
35,Life Is Good (feat. Drake),Future,0.676,0.609,0.481,0.508,0,0.0706,142.037,237735
36,My Truck,BRELAND,0.883,0.299,0.105,0.551,1,0.232,136.985,158329
37,Ettei mee elämä hukkaan,Erika Vikman,0.551,0.769,0.0568,0.71,1,0.00713,167.881,199827
38,Työtön nuori mies,Lätsä,0.732,0.702,0.049,0.961,0,0.0208,114.761,219404
39,Wild,Raylee,0.783,0.774,0.0673,0.77,0,0.0842,105.026,176913
40,SUGAR,BROCKHAMPTON,0.453,0.538,0.0638,0.516,1,0.449,122.973,204533
41,GOODMORNINGTOKYO!,TOKYO’S REVENGE,0.907,0.539,0.36,0.664,1,0.0408,124.918,150115
42,Eternal Youth,RŮDE,0.655,0.487,0.033,0.0454,1,0.0347,139.914,205766
43,You should be sad,Halsey,0.591,0.585,0.0277,0.324,1,0.143,110.94,205473
44,Opaul,Freddie Dredd,0.815,0.884,0.213,0.638,1,0.00555,145.031,140488
45,Sunday Best,Surfaces,0.878,0.525,0.0578,0.694,1,0.183,112.022,158571
46,Dior,Pop Smoke,0.548,0.805,0.351,0.648,1,0.212,142.094,216387
47,I Got Bitches,A2M,0.968,0.785,0.32,0.803,0,0.464,119.953,220030
48,End the Game,Crucify the Faith,0.577,0.99,0.0839,0.261,0,0.00277,135.104,215573
49,Toinen ihminen,Mokoma,0.425,0.924,0.0503,0.389,1,0.00886,149.962,232067
50,Toss a Coin to Your Witcher - Metal Version,Dan Vasc,0.495,0.684,0.0392,0.349,1,0.0151,103.738,188000
1,Break My Stride,Matthew Wilder,0.917,0.588,0.0607,0.828,1,0.195,110.077,184480
2,The Box,Roddy Ricch,0.896,0.586,0.0559,0.642,0,0.104,116.971,196653
3,WHAT?,Loki Wildin',0.896,0.649,0.301,0.381,0,0.04,129.943,142159
4,Toss a Coin to Your Witcher,Samuel Kim,0.466,0.48,0.0275,0.189,0,0.588,95.051,177249
5,No 1 Else - Radio Mix,Bushman,0.638,0.937,0.0347,0.978,0,0.000588,152.679,226000
6,Blinding Lights,The Weeknd,0.513,0.796,0.0629,0.345,1,0.00147,171.017,201573
7,Suicidal,YNW Melly,0.735,0.369,0.0688,0.235,0,0.334,140.004,222997
8,Mikään ei riitä,Joni Ekman,0.606,0.913,0.0584,0.961,1,0.202,88.891,152957
9,Helvetti,Niko Tiuraniemi,0.565,0.463,0.0262,0.317,1,0.109,77.981,213250
10,Breaking Me,Topic,0.789,0.72,0.218,0.664,0,0.223,122.031,166794
11,Say So,Doja Cat,0.787,0.673,0.158,0.786,0,0.256,110.962,237893
12,All I Want - From "High School Musical: The Musical: The Series",Olivia Rodrigo,0.376,0.43,0.0328,0.129,0,0.0902,77.599,177323
13,GOODMORNINGTOKYO!,TOKYO’S REVENGE,0.907,0.539,0.36,0.664,1,0.0408,124.918,150115
14,Menage A Trois,LIZOT,0.672,0.896,0.0657,0.483,1,0.122,123.941,168508
15,Kraazy,Likybo,0.689,0.701,0.237,0.37,0,0.314,94.982,151579
16,Greta,Ahti,0.682,0.787,0.0298,0.442,0,0.0618,113.957,194010
17,Opaul,Freddie Dredd,0.815,0.884,0.213,0.638,1,0.00555,145.031,140488
18,Hei rakas,BEHM,0.68,0.411,0.0282,0.251,0,0.43,115.024,211671
19,Painu Vittuun,Joa,0.65,0.645,0.172,0.702,1,0.0609,155.759,189500
20,Piirrä kartta minuun,Jade,0.51,0.601,0.0572,0.334,0,0.111,166.867,181620
21,Jos osaisin sanoa ei,Erika Vikman,0.676,0.74,0.038,0.516,0,0.0408,114.927,192591
22,Jos tuut mua vastaan (feat. la haka),WIL,0.635,0.681,0.0465,0.451,0,0.204,99.991,167354
23,Fuck the World,Pyhimys,0.422,0.548,0.134,0.636,1,0.47,88.088,164960
24,SUGAR,BROCKHAMPTON,0.453,0.538,0.0638,0.516,1,0.449,122.973,204533
25,Puerto de la Cruz,Herra Vuoret,0.731,0.678,0.191,0.268,1,0.369,95.968,183356
26,Tush Keissi,VR Hoodstar,0.886,0.521,0.348,0.826,1,0.16,152.159,182047
27,Baby Yoda,Song a Day,0.822,0.408,0.206,0.848,1,0.373,160.074,87000
28,Seilataan,Johanna von Hertzen,0.611,0.727,0.0707,0.188,0,0.516,79.978,181133
29,WINTER FLOWER(Feat.RM),Younha,0.564,0.796,0.0737,0.241,1,0.118,95.946,221133
30,Ettei mee elämä hukkaan,Erika Vikman,0.551,0.769,0.0568,0.71,1,0.00713,167.881,199827
31,Sunday Best,Surfaces,0.878,0.525,0.0578,0.694,1,0.183,112.022,158571
32,Moon,Kid Francescoli,0.663,0.658,0.0345,0.0532,1,0.295,117.986,390639
33,Falling,Trevor Daniel,0.784,0.43,0.0364,0.236,0,0.123,127.087,159382
34,Jonnet Ei Muista,MiskaMH,0.694,0.893,0.106,0.615,0,0.196,140.033,200571
35,No Idea,Don Toliver,0.651,0.631,0.0896,0.35,0,0.519,127.994,154424
36,Eternal Youth,RŮDE,0.655,0.487,0.033,0.0454,1,0.0347,139.914,205766
37,Univiidakko 2.0,Millennium Project,0.598,0.997,0.141,0.329,1,0.0156,144.994,235104
38,Let Her Go,The Kid LAROI,0.763,0.542,0.148,0.504,0,0.639,142.031,122113
39,OUT WEST (feat. Young Thug),JACKBOYS,0.802,0.591,0.225,0.309,1,0.0104,139.864,157712
40,The Moments I'm Missing (feat. Nina Nesbitt),RANJI,0.484,0.836,0.0562,0.069,0,0.0207,103.42,184348
41,Roses - Imanbek Remix,SAINt JHN,0.77,0.724,0.0495,0.898,1,0.0167,121.975,176840
42,Full Circle,Five Finger Death Punch,0.495,0.993,0.145,0.29,1,0.000151,149.912,202250
43,Marco de BIH,Sexmane,0.744,0.448,0.433,0.924,0,0.295,89.358,200000
44,Lottery (Renegade),K CAMP,0.915,0.556,0.216,0.67,1,0.0145,148.964,170947
45,Valhalla,Ringnes-Ronny,0.661,0.648,0.0365,0.66,1,0.0889,95.001,184753
46,Yummy,Justin Bieber,0.687,0.514,0.0897,0.494,0,0.366,145.921,210427
47,Joulupukin Kuuma Linja,Juhani,0.787,0.822,0.184,0.819,1,0.32,143.983,110000
48,Sumutorvet,Heme,0.578,0.703,0.0272,0.486,0,0.0794,77.019,222626
49,Boys Ain't Shit,SAYGRACE,0.826,0.616,0.137,0.842,0,0.435,102.996,175884
50,Dance Monkey (Metal Version),Leo,0.591,0.833,0.0529,0.435,0,0.0197,100.05,267900
1,Break My Stride,Matthew Wilder,0.917,0.588,0.0607,0.828,1,0.195,110.077,184480
2,Kraazy,Likybo,0.689,0.701,0.237,0.37,0,0.314,94.982,151579
3,The Box,Roddy Ricch,0.896,0.586,0.0559,0.642,0,0.104,116.971,196653
4,No 1 Else - Radio Mix,Bushman,0.638,0.937,0.0347,0.978,0,0.000588,152.679,226000
5,All I Want - From "High School Musical: The Musical: The Series",Olivia Rodrigo,0.376,0.43,0.0328,0.129,0,0.0902,77.599,177323
6,Gangsta,Darkoo,0.708,0.649,0.306,0.595,1,0.367,200.125,216000
7,Blinding Lights,The Weeknd,0.513,0.796,0.0629,0.345,1,0.00147,171.017,201573
8,Menage A Trois,LIZOT,0.672,0.896,0.0657,0.483,1,0.122,123.941,168508
9,Jos tuut mua vastaan (feat. la haka),WIL,0.635,0.681,0.0465,0.451,0,0.204,99.991,167354
10,Say So,Doja Cat,0.787,0.673,0.158,0.786,0,0.256,110.962,237893
11,Painu Vittuun,Joa,0.65,0.645,0.172,0.702,1,0.0609,155.759,189500
12,Joulupukin Kuuma Linja,Juhani,0.787,0.822,0.184,0.819,1,0.32,143.983,110000
13,Piirrä kartta minuun,Jade,0.51,0.601,0.0572,0.334,0,0.111,166.867,181620
14,GOODMORNINGTOKYO!,TOKYO’S REVENGE,0.907,0.539,0.36,0.664,1,0.0408,124.918,150115
15,Hei rakas,BEHM,0.68,0.411,0.0282,0.251,0,0.43,115.024,211671
16,Roses - Imanbek Remix,SAINt JHN,0.77,0.724,0.0495,0.898,1,0.0167,121.975,176840
17,Breaking Me,Topic,0.789,0.72,0.218,0.664,0,0.223,122.031,166794
18,Luota Muhun,ibe,0.754,0.384,0.0917,0.842,1,0.264,167.089,214175
19,Perjantai on pahin,Maria Makaaberi,0.518,0.904,0.102,0.691,1,0.00836,135.071,147800
20,Sunday Best,Surfaces,0.878,0.525,0.0578,0.694,1,0.183,112.022,158571
21,SUGAR,BROCKHAMPTON,0.453,0.538,0.0638,0.516,1,0.449,122.973,204533
22,Suicidal,YNW Melly,0.735,0.369,0.0688,0.235,0,0.334,140.004,222997
23,Baby Yoda,Song a Day,0.822,0.408,0.206,0.848,1,0.373,160.074,87000
24,Helvetti,Niko Tiuraniemi,0.565,0.463,0.0262,0.317,1,0.109,77.981,213250
25,Huutista,The Verkkars,0.795,0.783,0.0473,0.81,1,0.025,125.074,138402
26,stupid,Tate McRae,0.673,0.579,0.0392,0.262,0,0.0692,96.009,172916
27,Salt,Ava Max,0.693,0.835,0.0623,0.743,1,0.131,128.057,180283
28,Multa loppuu elämästä moti,Iha Just Imus,0.604,0.831,0.108,0.665,1,0.0248,171.254,191843
29,Opaul,Freddie Dredd,0.815,0.884,0.213,0.638,1,0.00555,145.031,140488
30,No Idea,Don Toliver,0.651,0.631,0.0896,0.35,0,0.519,127.994,154424
31,Alone- Pt. II,Alan Walker,0.67,0.668,0.0422,0.608,0,0.536,88.033,179053
32,THOT!,TOKYO’S REVENGE,0.946,0.592,0.23,0.418,1,0.0178,100.023,159709
33,To The Moon & Back,Shiraz Lane,0.471,0.935,0.064,0.533,0,0.00041,121.935,234960
34,Tuntemattomaan,Katja Sirkiä,0.454,0.391,0.0346,0.408,0,0.869,105.607,194867
35,Tills mitt hjärta går under,Myra Granberg,0.412,0.664,0.171,0.783,0,0.345,74.098,228434
36,Deja Vu,Madboiali,0.821,0.455,0.221,0.31,1,0.0458,141.096,151494
37,Goodbye Divinity,Sons Of Apollo,0.297,0.964,0.13,0.23,1,9.77e-05,126.287,433000
38,Ollaan kavereita,Kennel,0.633,0.651,0.0281,0.961,1,0.42,126.122,153400
39,Hei sisko,Maija Vilkkumaa,0.679,0.813,0.0346,0.527,0,0.485,125.957,182712
40,Shake That,Foe G4ng,0.933,0.751,0.305,0.902,1,0.131,130.068,151432
41,Let Me Down Slowly,Cyan Kicks,0.55,0.883,0.0601,0.641,0,0.00291,152.994,191603
42,Falling,Trevor Daniel,0.784,0.43,0.0364,0.236,0,0.123,127.087,159382
43,High Fashion (feat. Mustard),Roddy Ricch,0.831,0.499,0.114,0.511,0,0.269,97.956,220487
44,Valaiset mun pimeän,Kostume,0.693,0.373,0.033,0.145,1,0.312,117.939,181017
45,Moon,Kid Francescoli,0.663,0.658,0.0345,0.0532,1,0.295,117.986,390639
46,Hornet's Nest,Power Trip,0.22,0.982,0.121,0.241,1,5.85e-05,171.928,279811
47,Wishes,Mewael Yemane,0.468,0.0791,0.0579,0.337,0,0.995,117.918,98000
48,Sydänkohtaus tanssilattialla,Puhelinseksi,0.26,0.676,0.0419,0.303,1,0.000151,185.25,209333
49,Chuba Chuba,Tupla W,0.886,0.625,0.268,0.485,1,0.342,120.037,184000
50,Yeaho,Fvvbio,0.846,0.504,0.0989,0.231,0,0.348,100.015,150021
1,The Box,Roddy Ricch,0.896,0.586,0.0559,0.642,0,0.104,116.971,196653
2,Kraazy,Likybo,0.689,0.701,0.237,0.37,0,0.314,94.982,151579
3,GOODMORNINGTOKYO!,TOKYO’S REVENGE,0.907,0.539,0.36,0.664,1,0.0408,124.918,150115
4,Multa loppuu elämästä moti,Iha Just Imus,0.604,0.831,0.108,0.665,1,0.0248,171.254,191843
5,Blinding Lights,The Weeknd,0.513,0.796,0.0629,0.345,1,0.00147,171.017,201573
6,Break My Stride,Matthew Wilder,0.917,0.588,0.0607,0.828,1,0.195,110.077,184480
7,Sydänkohtaus tanssilattialla,Puhelinseksi,0.26,0.676,0.0419,0.303,1,0.000151,185.25,209333
8,Say So,Doja Cat,0.787,0.673,0.158,0.786,0,0.256,110.962,237893
9,Piirrä kartta minuun,Jade,0.51,0.601,0.0572,0.334,0,0.111,166.867,181620
10,SUGAR,BROCKHAMPTON,0.453,0.538,0.0638,0.516,1,0.449,122.973,204533
11,Perjantai on pahin,Maria Makaaberi,0.518,0.904,0.102,0.691,1,0.00836,135.071,147800
12,No Idea,Don Toliver,0.651,0.631,0.0896,0.35,0,0.519,127.994,154424
13,Jos tuut mua vastaan (feat. la haka),WIL,0.635,0.681,0.0465,0.451,0,0.204,99.991,167354
14,Hei rakas,BEHM,0.68,0.411,0.0282,0.251,0,0.43,115.024,211671
15,Baby Yoda,Song a Day,0.822,0.408,0.206,0.848,1,0.373,160.074,87000
16,Breaking Me,Topic,0.789,0.72,0.218,0.664,0,0.223,122.031,166794
17,Ayy Macarena,Tyga,0.816,0.63,0.226,0.715,1,0.133,96.493,131607
18,All Is Found,Evan Rachel Wood,0.228,0.204,0.0387,0.195,1,0.926,83.372,125439
19,Eksynyt oon,Petrus Kähkönen,0.472,0.472,0.026,0.264,1,0.652,75.57,180760
20,Suicidal,YNW Melly,0.735,0.369,0.0688,0.235,0,0.334,140.004,222997
21,Roses - Imanbek Remix,SAINt JHN,0.77,0.724,0.0495,0.898,1,0.0167,121.975,176840
22,Salt,Ava Max,0.693,0.835,0.0623,0.743,1,0.131,128.057,180283
23,We Are Not the Same,Young Roc,0.859,0.179,0.139,0.0806,0,0.0333,135.001,116085
24,Chuba Chuba,Tupla W,0.886,0.625,0.268,0.485,1,0.342,120.037,184000
25,Futsal Shuffle 2020,Lil Uzi Vert,0.881,0.457,0.156,0.296,0,0.0327,136.97,198913
26,Tuntemattomaan,Katja Sirkiä,0.454,0.391,0.0346,0.408,0,0.869,105.607,194867
27,HULLU,Petri Nygård,0.864,0.813,0.0618,0.962,0,0.29,104.977,196853
28,Lost in the Woods,Jonathan Groff,0.366,0.478,0.0277,0.293,1,0.695,149.307,180763
29,Crunk Ain't Dead,Duke Deuce,0.767,0.931,0.269,0.474,0,0.0397,145.938,113150
30,Deja Vu,Madboiali,0.821,0.455,0.221,0.31,1,0.0458,141.096,151494
31,Psycho,Red Velvet,0.664,0.666,0.0446,0.405,1,0.193,139.987,210560
32,Popular Monster,Falling In Reverse,0.461,0.897,0.092,0.358,0,0.00821,165.107,220537
33,My Oh My (feat. DaBaby),Camila Cabello,0.724,0.491,0.0296,0.383,1,0.018,105.046,170746
34,THOT!,TOKYO’S REVENGE,0.946,0.592,0.23,0.418,1,0.0178,100.023,159709
35,Falling,Trevor Daniel,0.784,0.43,0.0364,0.236,0,0.123,127.087,159382
36,Valaiset mun pimeän,Kostume,0.693,0.373,0.033,0.145,1,0.312,117.939,181017
37,Menage A Trois,LIZOT,0.672,0.896,0.0657,0.483,1,0.122,123.941,168508
38,Hei sisko,Maija Vilkkumaa,0.679,0.813,0.0346,0.527,0,0.485,125.957,182712
39,XO,Yasin,0.718,0.527,0.436,0.297,1,0.371,92.276,172174
40,JAY DAY,Jakob,0.654,0.674,0.657,0.799,0,0.423,162.097,157037
41,Into the Unknown - Instrumental,Kristen Anderson-Lopez,0.335,0.487,0.0461,0.118,1,0.864,109.383,196496
42,Paralyzed,Oceans,0.408,0.914,0.0632,0.176,0,0.00159,86.945,325000
43,Some Say,Nea,0.779,0.342,0.0404,0.482,0,0.701,104.993,175602
44,Outlaws & Outsiders,Cory Marks,0.5,0.866,0.0443,0.629,1,0.0575,176.189,197235
45,ROXANNE,Arizona Zervas,0.621,0.601,0.148,0.457,0,0.0522,116.735,163636
46,Sigues Con El,Dímelo Flow,0.883,0.668,0.113,0.676,1,0.11,87.972,226533
47,Mä En Pelkää Pimeet,Maiki,0.749,0.735,0.0632,0.349,1,0.0468,94.026,212033
48,When I Am Older,Josh Gad,0.73,0.326,0.26,0.434,1,0.705,116.893,111452
49,Let Her Go,The Kid LAROI,0.763,0.542,0.148,0.504,0,0.639,142.031,122113
50,Into the Unknown,Idina Menzel,0.323,0.405,0.0413,0.274,0,0.849,145.104,194848
1,The Box,Roddy Ricch,0.896,0.586,0.0559,0.642,0,0.104,116.971,196653
2,Baby Yoda,Song a Day,0.822,0.408,0.206,0.848,1,0.373,160.074,87000
3,Perjantai on pahin,Maria Makaaberi,0.518,0.904,0.102,0.691,1,0.00836,135.071,147800
4,Kraazy,Likybo,0.689,0.701,0.237,0.37,0,0.314,94.982,151579
5,GOODMORNINGTOKYO!,TOKYO’S REVENGE,0.907,0.539,0.36,0.664,1,0.0408,124.918,150115
6,All I Want - From "High School Musical: The Musical: The Series",Olivia Rodrigo,0.376,0.43,0.0328,0.129,0,0.0902,77.599,177323
7,Blueberry Fergo,Lil Monet,0.831,0.405,0.0776,0.292,1,0.0171,98.992,141997
8,Blinding Lights,The Weeknd,0.513,0.796,0.0629,0.345,1,0.00147,171.017,201573
9,Fuck It up (feat. Yg),Kamaiyah,0.634,0.669,0.0682,0.431,1,0.432,98.044,141845
10,Hei rakas,BEHM,0.68,0.411,0.0282,0.251,0,0.43,115.024,211671
11,No Idea,Don Toliver,0.651,0.631,0.0896,0.35,0,0.519,127.994,154424
12,Futsal Shuffle 2020,Lil Uzi Vert,0.881,0.457,0.156,0.296,0,0.0327,136.97,198913
13,Eksynyt oon,Petrus Kähkönen,0.472,0.472,0.026,0.264,1,0.652,75.57,180760
14,Say So,Doja Cat,0.787,0.673,0.158,0.786,0,0.256,110.962,237893
15,Deja Vu,Madboiali,0.821,0.455,0.221,0.31,1,0.0458,141.096,151494
16,Roses - Imanbek Remix,SAINt JHN,0.77,0.724,0.0495,0.898,1,0.0167,121.975,176840
17,Jeesei,Gettomasa,0.797,0.659,0.173,0.179,0,0.0123,153.905,181006
18,Falling,Trevor Daniel,0.784,0.43,0.0364,0.236,0,0.123,127.087,159382
19,Tuntemattomaan,Katja Sirkiä,0.454,0.391,0.0346,0.408,0,0.869,105.607,194867
20,Kolme tölkkiä Lidlin kassissa,Nyrkkitappelu,0.601,0.958,0.168,0.926,1,0.0499,160.044,126425
21,v!@%#mikko,Pyhimys,0.861,0.798,0.14,0.679,1,0.0848,107.978,187587
22,Jos mulla ei ois sua- mulla ei ois mitään,Maustetytöt,0.438,0.403,0.0345,0.341,0,0.861,197.722,234359
23,All Is Found,Evan Rachel Wood,0.228,0.204,0.0387,0.195,1,0.926,83.372,125439
24,BOYFREN,LoveLeo,0.842,0.368,0.0668,0.713,1,0.251,79.96,136956
25,Bella Muerte,Jesse Jason,0.807,0.655,0.285,0.305,1,0.341,120.022,255542
26,Sydänkohtaus tanssilattialla,Puhelinseksi,0.26,0.676,0.0419,0.303,1,0.000151,185.25,209333
27,Kun oon vanha,Tero Koponen,0.64,0.353,0.0631,0.574,1,0.824,116.906,111427
28,THE BALLOONS,City Morgue,0.617,0.591,0.0843,0.227,0,0.089,160.078,110960
29,All Is Found (Lullaby Ending) - Outtake,Evan Rachel Wood,0.291,0.142,0.0379,0.319,0,0.924,78.432,114040
30,Face Like a Model,Tre Coast,0.806,0.561,0.102,0.484,0,0.383,97.912,112000
31,THOT!,TOKYO’S REVENGE,0.946,0.592,0.23,0.418,1,0.0178,100.023,159709
32,Diabolic,Demons & Wizards,0.283,0.944,0.18,0.0681,0,0.00163,147.989,481125
33,Salt,Ava Max,0.693,0.835,0.0623,0.743,1,0.131,128.057,180283
34,Suicidal,YNW Melly,0.735,0.369,0.0688,0.235,0,0.334,140.004,222997
35,Ayy Macarena,Tyga,0.816,0.63,0.226,0.715,1,0.133,96.493,131607
36,We Are Not the Same,Young Roc,0.859,0.179,0.139,0.0806,0,0.0333,135.001,116085
37,Tuhti Joulu,Mc Taxman,0.564,0.888,0.0954,0.497,1,0.358,179.891,178933
38,XO,Yasin,0.718,0.527,0.436,0.297,1,0.371,92.276,172174
39,Lost in the Woods,Jonathan Groff,0.366,0.478,0.0277,0.293,1,0.695,149.307,180763
40,Pintakaasulla,JVG,0.632,0.701,0.196,0.443,0,0.0568,129.29,141581
41,Adore You,Harry Styles,0.676,0.771,0.0483,0.569,1,0.0237,99.048,207133
42,Second To One,HammerFall,0.588,0.472,0.0339,0.202,0,0.0924,119.983,250677
43,Into the Unknown - Instrumental,Kristen Anderson-Lopez,0.335,0.487,0.0461,0.118,1,0.864,109.383,196496
44,Valo pimeän,Pyhimys,0.634,0.703,0.121,0.382,1,0.0416,92.018,194973
45,In The Party,Flo Milli,0.88,0.556,0.333,0.422,1,0.00874,135.012,141088
46,Piha Ilman Sadettajaa,Jummi,0.529,0.638,0.331,0.871,1,0.537,82.935,283816
47,Pelottaa,Kekkonen,0.6,0.921,0.274,0.241,0,0.129,92.195,236087
48,NNAN,Young M.A,0.817,0.539,0.0626,0.674,1,0.281,96.039,193479
49,Wolf Totem (feat. Jacoby Shaddix of Papa Roach),The HU,0.375,0.895,0.0605,0.67,1,0.0221,172.129,317078
50,Saavu jo,Katja Sirkiä,0.395,0.431,0.0302,0.206,1,0.796,123.85,260907
1,Baby Yoda,Song a Day,0.822,0.408,0.206,0.848,1,0.373,160.074,87000
2,All Is Found,Evan Rachel Wood,0.228,0.204,0.0387,0.195,1,0.926,83.372,125439
3,No Idea,Don Toliver,0.651,0.631,0.0896,0.35,0,0.519,127.994,154424
4,The Box,Roddy Ricch,0.896,0.586,0.0559,0.642,0,0.104,116.971,196653
5,Roses - Imanbek Remix,SAINt JHN,0.77,0.724,0.0495,0.898,1,0.0167,121.975,176840
6,Blinding Lights,The Weeknd,0.513,0.796,0.0629,0.345,1,0.00147,171.017,201573
7,Falling,Trevor Daniel,0.784,0.43,0.0364,0.236,0,0.123,127.087,159382
8,Hei rakas,BEHM,0.68,0.411,0.0282,0.251,0,0.43,115.024,211671
9,Blueberry faygo,Yung Anime,0.83,0.4,0.0614,0.302,1,0.0224,99.012,142068
10,THOT!,TOKYO’S REVENGE,0.946,0.592,0.23,0.418,1,0.0178,100.023,159709
11,Jos tuut mua vastaan (feat. la haka),WIL,0.635,0.681,0.0465,0.451,0,0.204,99.991,167354
12,A.M.,Lonr.,0.74,0.761,0.0851,0.453,0,0.0691,146.144,164935
13,Siivet,Pietarin Spektaakkeli,0.602,0.439,0.0241,0.316,1,0.202,98.681,276587
14,Fuck It up (feat. Yg),Kamaiyah,0.634,0.669,0.0682,0.431,1,0.432,98.044,141845
15,GOODMORNINGTOKYO!,TOKYO’S REVENGE,0.907,0.539,0.36,0.664,1,0.0408,124.918,150115
16,Adore You,Harry Styles,0.676,0.771,0.0483,0.569,1,0.0237,99.048,207133
17,Into the Unknown,Idina Menzel,0.323,0.405,0.0413,0.274,0,0.849,145.104,194848
18,All Is Found (Lullaby Ending) - Outtake,Evan Rachel Wood,0.291,0.142,0.0379,0.319,0,0.924,78.432,114040
19,Tiibetinspanieli,Mari Johanna,0.774,0.675,0.0994,0.611,1,0.00455,167.996,139286
20,All I Want - From "High School Musical: The Musical: The Series",Olivia Rodrigo,0.376,0.43,0.0328,0.129,0,0.0902,77.599,177323
21,Eksynyt oon,Petrus Kähkönen,0.472,0.472,0.026,0.264,1,0.652,75.57,180760
22,Tuhti Joulu,Mc Taxman,0.564,0.888,0.0954,0.497,1,0.358,179.891,178933
23,Y U Gotta B Like That,Audrey Mika,0.732,0.413,0.0702,0.761,1,0.287,92.066,154456
24,I Seek the Truth - Outtake,Kristen Anderson-Lopez,0.454,0.305,0.0336,0.249,0,0.88,72.097,241534
25,Suicidal,YNW Melly,0.735,0.369,0.0688,0.235,0,0.334,140.004,222997
26,Ah-Ah-Ah,Pintandwefall,0.752,0.445,0.0394,0.91,1,0.483,132.992,170430
27,Piha Ilman Sadettajaa,Jummi,0.529,0.638,0.331,0.871,1,0.537,82.935,283816
28,All Is Found - Instrumental,Kristen Anderson-Lopez,0.185,0.18,0.0376,0.0403,1,0.837,79.236,127343
29,Haista Helena Vittu (Mä Ryyppään Taas),Puhelinseksi,0.27,0.719,0.0505,0.411,0,2.65e-06,97.399,124300
30,Gospel sumun keskellä,Janne Masalin,0.843,0.696,0.14,0.479,1,0.0574,129.96,242440
31,Birthday Suit,Cosmo Sheldrake,0.69,0.574,0.231,0.522,1,0.837,62.619,80407
32,No Idea - Dj Purpberry Chopped and Screwed,Don Toliver,0.682,0.443,0.0554,0.582,0,0.596,99.891,195573
33,everything i wanted,Billie Eilish,0.704,0.225,0.0994,0.243,0,0.902,120.006,245426
34,No Face No Case,Vinny West,0.953,0.374,0.39,0.525,0,0.728,102.998,191687
35,All Is Found - Kacey Musgraves Version,Kacey Musgraves,0.438,0.19,0.0289,0.106,1,0.954,153.02,183735
36,Love Talk - English Version,WayV,0.751,0.719,0.0373,0.437,0,0.142,98.01,232150
37,Perjantai on pahin,Maria Makaaberi,0.518,0.904,0.102,0.691,1,0.00836,135.071,147800
38,Good Morning,Mak Sauce,0.884,0.543,0.492,0.783,1,0.0603,148.037,155742
39,My Oh My (feat. DaBaby),Camila Cabello,0.724,0.491,0.0296,0.383,1,0.018,105.046,170746
40,ok boomer,Peter Kuli,0.913,0.518,0.416,0.594,1,0.092,129.896,132923
41,Mä olen suomalainen (feat. Kari Vepsä),Yksi Totuus,0.722,0.891,0.0382,0.824,0,0.212,110.026,181141
42,Some Say,Nea,0.779,0.342,0.0404,0.482,0,0.701,104.993,175602
43,Gangsta,Darkoo,0.708,0.649,0.306,0.595,1,0.367,200.125,216000
44,ROXANNE,Arizona Zervas,0.621,0.601,0.148,0.457,0,0.0522,116.735,163636
45,Hämärässä (feat. Ellen),MC Rambo,0.66,0.903,0.287,0.602,1,0.239,173.062,224368
46,GIANTS,True Damage,0.642,0.683,0.262,0.584,1,0.0834,154.881,191720
47,Heart On Ice,Rod Wave,0.733,0.389,0.0738,0.244,0,0.0513,157.878,159670
48,Lost in the Woods,Jonathan Groff,0.366,0.478,0.0277,0.293,1,0.695,149.307,180763
49,Poikien vessa (feat. costee),Mouhous,0.674,0.788,0.0505,0.545,1,0.0343,132.031,208297
50,Closer,Kaae & Batz,0.305,0.622,0.044,0.222,0,0.000626,143.644,214105
